sid,link_name,borough,treatment_group,signed_min_distance_m,signed_max_distance_m,nearest_boundary_line_m,wholly_north_of_boundary,geometry_source,metric,polyline
193055,2nd Avenue - Southbound - 72nd St to 57th St,Manhattan,boundary,-392.01704234692244,813.1813936007453,0.0,False,E-Z Pass segment polyline; existing geo.py 60th-St anchors,local equirectangular 40.767deg; infinite 60th-St line; north positive,_tywFb_lbMjz@zi@
51052,Broadway - Southbound - 72nd St to 57th St,Manhattan,boundary,-353.1129051675712,870.3998429850948,0.0,False,E-Z Pass segment polyline; existing geo.py 60th-St anchors,local equirectangular 40.767deg; infinite 60th-St line; north positive,mr{wFzrpbMhDVxSXpH?hNKrIIvAAd@HPN\Ff@QTe@Bg@^[PIf@D`Eb@
22016,5th Avenue - Southbound - 72nd St to 57th St,Manhattan,boundary,-372.19544604161024,835.1553267743737,0.0,False,E-Z Pass segment polyline; existing geo.py 60th-St anchors,local equirectangular 40.767deg; infinite 60th-St line; north positive,yjzwF|tmbM|NrJtRhMtVlP
21003,Lexington Avenue - Southbound - 72nd St to 57th St,Manhattan,boundary,-382.39959733719377,824.759928679284,0.0,False,E-Z Pass segment polyline; existing geo.py 60th-St anchors,local equirectangular 40.767deg; infinite 60th-St line; north positive,e~ywFzvlbMbOrJrNjJxFtDxRnM
43058,9th Avenue - Southbound - 72nd St to 57th St,Manhattan,boundary,-344.289620597799,862.2767161916418,0.0,False,E-Z Pass segment polyline; existing geo.py 60th-St anchors,local equirectangular 40.767deg; infinite 60th-St line; north positive,yi{wFn~obMtZhStJrG~BtAxB|AbKtG
77081,57th Street - Westbound - 10th Ave (Amsterdam Ave) to 11th Ave,Manhattan,treated,-329.55713405567025,-321.7127737837455,321.7127737837455,False,E-Z Pass segment polyline; existing geo.py 60th-St anchors,local equirectangular 40.767deg; infinite 60th-St line; north positive,kvywFd{qbMqFvP
58077,57th Street - Westbound - 9th Ave (Columbus Ave) to 10th Ave (Amsterdam Ave),Manhattan,treated,-334.6462438188285,-329.55713405567025,329.55713405567025,False,E-Z Pass segment polyline; existing geo.py 60th-St anchors,local equirectangular 40.767deg; infinite 60th-St line; north positive,}nywFhiqbMmFzP
81116,11th Avenue - Southbound - 57th St to 49th St,Manhattan,exempt_in_zone,-975.0928793655073,-332.9347470312978,332.9347470312978,False,E-Z Pass segment polyline; existing geo.py 60th-St anchors,local equirectangular 40.767deg; infinite 60th-St line; north positive,k}ywFhmrbMn^dV
54058,57th Street - Westbound - 8th Ave to 9th Ave,Manhattan,treated,-341.89741486163433,-334.44527260421773,334.44527260421773,False,E-Z Pass segment polyline; existing geo.py 60th-St anchors,local equirectangular 40.767deg; infinite 60th-St line; north positive,mgywFrwpbMqFxP
85077,10th Avenue - Northbound - 49th St to 57th St,Manhattan,treated,-981.7605855951232,-337.4306675670281,337.4306675670281,False,E-Z Pass segment polyline; existing geo.py 60th-St anchors,local equirectangular 40.767deg; infinite 60th-St line; north positive,ivxwFprrbMu^aV
81077,57th Street - Eastbound - 11th Ave to 10th Ave (Amsterdam Ave),Manhattan,treated,-347.2750155605673,-340.8082805430468,340.8082805430468,False,E-Z Pass segment polyline; existing geo.py 60th-St anchors,local equirectangular 40.767deg; infinite 60th-St line; north positive,_}ywFrmrbMnFyP
52054,57th Street - Westbound - Broadway to 8th Ave,Manhattan,treated,-343.06758596024576,-340.9120076213471,340.9120076213471,False,E-Z Pass segment polyline; existing geo.py 60th-St anchors,local equirectangular 40.767deg; infinite 60th-St line; north positive,_eywFtqpbMoA|D
56052,57th Street - Westbound - 7th Ave to Broadway,Manhattan,treated,-348.16317866541056,-343.4598039739295,343.4598039739295,False,E-Z Pass segment polyline; existing geo.py 60th-St anchors,local equirectangular 40.767deg; infinite 60th-St line; north positive,_`ywF|epbM_DxJ
58039,9th Avenue - Southbound - 57th St to 49th St,Manhattan,treated,-989.0117566391866,-344.289620597799,344.289620597799,False,E-Z Pass segment polyline; existing geo.py 60th-St anchors,local equirectangular 40.767deg; infinite 60th-St line; north positive,onywFviqbMt^bV
19056,57th Street - Westbound - 6th Ave to 7th Ave,Manhattan,treated,-354.0367244550697,-347.1777714242989,347.1777714242989,False,E-Z Pass segment polyline; existing geo.py 60th-St anchors,local equirectangular 40.767deg; infinite 60th-St line; north positive,qxxwFdtobMoFvP
77058,57th Street - Eastbound - 10th Ave (Amsterdam Ave) to 9th Ave (Columbus Ave),Manhattan,treated,-354.1339685905558,-347.2750155605673,347.2750155605673,False,E-Z Pass segment polyline; existing geo.py 60th-St anchors,local equirectangular 40.767deg; infinite 60th-St line; north positive,ouywFx{qbMnFwP
38054,8th Avenue - Northbound - 49th St to 57th St,Manhattan,treated,-994.4930844160286,-351.14857362817884,351.14857362817884,False,E-Z Pass segment polyline; existing geo.py 60th-St anchors,local equirectangular 40.767deg; infinite 60th-St line; north positive,kgxwF`oqbM}B{A}B{A{ByA}B{A{ByA}B}A}ByAeCaB
16019,57th Street - Westbound - 5th Ave to 6th Ave,Manhattan,treated,-362.3510980492867,-355.022131695357,355.022131695357,False,E-Z Pass segment polyline; existing geo.py 60th-St anchors,local equirectangular 40.767deg; infinite 60th-St line; north positive,_pxwF~_obMoGdS
58054,57th Street - Eastbound - 9th Ave to 8th Ave,Manhattan,treated,-361.1841684212663,-355.51159384535123,355.51159384535123,False,E-Z Pass segment polyline; existing geo.py 60th-St anchors,local equirectangular 40.767deg; infinite 60th-St line; north positive,}mywFbjqbMjFsP
56037,7th Avenue - Southbound - 57th St to 49th St,Manhattan,treated,-1001.1510662330553,-357.414337431955,357.414337431955,False,E-Z Pass segment polyline; existing geo.py 60th-St anchors,local equirectangular 40.767deg; infinite 60th-St line; north positive,q_ywFhfpbMfC`BzBzA~BvAzBzA|BzAzBxA|BzAzB~A
54052,57th Street - Eastbound - 8th Ave to Broadway,Manhattan,treated,-362.9669775737417,-360.9929216205024,360.9929216205024,False,E-Z Pass segment polyline; existing geo.py 60th-St anchors,local equirectangular 40.767deg; infinite 60th-St line; north positive,ofywFhxpbMtAmE
16013,57th Street - Westbound - Madison Ave to 5th Ave,Manhattan,treated,-366.211690231619,-362.3510980492867,362.3510980492867,False,E-Z Pass segment polyline; existing geo.py 60th-St anchors,local equirectangular 40.767deg; infinite 60th-St line; north positive,wkxwF|unbMqAdEu@zB
52056,57th Street - Eastbound - Broadway to 7th Ave,Manhattan,treated,-367.2586854242786,-362.7660063608218,362.7660063608218,False,E-Z Pass segment polyline; existing geo.py 60th-St anchors,local equirectangular 40.767deg; infinite 60th-St line; north positive,{cywF~qpbMxCkJ
18019,6th Avenue - Northbound - 49th St to 57th St,Manhattan,treated,-1008.2109904776127,-364.2732904623347,364.2732904623347,False,E-Z Pass segment polyline; existing geo.py 60th-St anchors,local equirectangular 40.767deg; infinite 60th-St line; north positive,kxwwFpkpbMyJoGiFgDqKgH
3013,57th Street - Westbound - Lexington Ave to Madison Ave,Manhattan,treated,-373.54065658389965,-366.211690231619,366.211690231619,False,E-Z Pass segment polyline; existing geo.py 60th-St anchors,local equirectangular 40.767deg; infinite 60th-St line; north positive,gcxwFvanbM_CpHoCrI
56019,57th Street - Eastbound - 7th Ave to 6th Ave,Manhattan,treated,-373.1322312148044,-367.2586854242786,367.2586854242786,False,E-Z Pass segment polyline; existing geo.py 60th-St anchors,local equirectangular 40.767deg; infinite 60th-St line; north positive,a_ywFrfpbMlFwP
16015,5th Avenue - Southbound - 57th St to 49th St,Manhattan,treated,-1014.1623315754891,-372.19544604161024,372.19544604161024,False,E-Z Pass segment polyline; existing geo.py 60th-St anchors,local equirectangular 40.767deg; infinite 60th-St line; north positive,ooxwFh`obMdC`B|BxAxB`BzB~A`CpAvFtD|BxA
6003,57th Street - Westbound - 3rd Ave to Lexington Ave,Manhattan,treated,-377.2002775533123,-373.54065658389965,373.54065658389965,False,E-Z Pass segment polyline; existing geo.py 60th-St anchors,local equirectangular 40.767deg; infinite 60th-St line; north positive,a_xwFxwmbMeC|H
19016,57th Street - Eastbound - 6th Ave to 5th Ave,Manhattan,treated,-381.05438679490413,-374.11763845591605,374.11763845591605,False,E-Z Pass segment polyline; existing geo.py 60th-St anchors,local equirectangular 40.767deg; infinite 60th-St line; north positive,qwxwFztobMnGgS
55006,57th Street - Westbound - 2nd Ave to 3rd Ave,Manhattan,treated,-382.5649123674162,-377.00903075380603,377.00903075380603,False,E-Z Pass segment polyline; existing geo.py 60th-St anchors,local equirectangular 40.767deg; infinite 60th-St line; north positive,cywwFvimbM{DzL
12013,Madison Avenue - Northbound - 49th St to 57th St,Manhattan,treated,-1018.0229237582548,-379.79669597425396,379.79669597425396,False,E-Z Pass segment polyline; existing geo.py 60th-St anchors,local equirectangular 40.767deg; infinite 60th-St line; north positive,ukwwFfmobMk^{U
13016,57th Street - Eastbound - 5th Ave to Madison Ave,Manhattan,treated,-384.9149789768454,-381.05438679490413,381.05438679490413,False,E-Z Pass segment polyline; existing geo.py 60th-St anchors,local equirectangular 40.767deg; infinite 60th-St line; north positive,aoxwFr`obMtAkEp@uB
3002,Lexington Avenue - Southbound - 57th St to 49th St,Manhattan,treated,-1025.7441081246104,-382.39959733719377,382.39959733719377,False,E-Z Pass segment polyline; existing geo.py 60th-St anchors,local equirectangular 40.767deg; infinite 60th-St line; north positive,ybxwF`bnbM??vRxMzJfG
13003,57th Street - Eastbound - Madison Ave to Lexington Ave,Manhattan,treated,-391.65075610291376,-384.9149789768454,384.9149789768454,False,E-Z Pass segment polyline; existing geo.py 60th-St anchors,local equirectangular 40.767deg; infinite 60th-St line; north positive,yjxwFpvnbM|BmHnCuI
5006,3rd Avenue - Northbound - 49th St to 57th St,Manhattan,treated,-1028.8105398674195,-386.4514363202898,386.4514363202898,False,E-Z Pass segment polyline; existing geo.py 60th-St anchors,local equirectangular 40.767deg; infinite 60th-St line; north positive,a_wwFfonbMq^aV
203055,57th St - westbound - QBB UL Entrance to 2 Ave,Manhattan,treated,-389.01544002870884,-387.29097735675714,387.29097735675714,False,E-Z Pass segment polyline; existing geo.py 60th-St anchors,local equirectangular 40.767deg; infinite 60th-St line; north positive,{vwwFbembM_AvC
41203,57th St - westbound - 1 Ave to QBB UL Entrance,Manhattan,treated,-394.25365746627006,-390.0105716832343,390.0105716832343,False,E-Z Pass segment polyline; existing geo.py 60th-St anchors,local equirectangular 40.767deg; infinite 60th-St line; north positive,qrwwFb{lbMcCtH
3006,57th Street - Eastbound - Lexington Ave to 3rd Ave,Manhattan,treated,-396.88897354047486,-391.65075610291376,391.65075610291376,False,E-Z Pass segment polyline; existing geo.py 60th-St anchors,local equirectangular 40.767deg; infinite 60th-St line; north positive,kbxwFlbnbMfAiD`AuC
55046,2nd Avenue  - Southbound - 57th St to 49th St,Manhattan,treated,-1036.1459891617067,-391.8160711335693,391.8160711335693,False,E-Z Pass segment polyline; existing geo.py 60th-St anchors,local equirectangular 40.767deg; infinite 60th-St line; north positive,uxwwFbjmbMhC`B|BxAxBvAzB|A~BxAzBzAzBzA~B|A
55203,57th St - eastbound - 2 Ave to QBB UL Entrance,Manhattan,treated,-396.35088932379546,-395.71231949940676,395.71231949940676,False,E-Z Pass segment polyline; existing geo.py 60th-St anchors,local equirectangular 40.767deg; infinite 60th-St line; north positive,kxwwF`jmbMz@yC
40041,1st Avenue - Northbound - 49th St to 57th St,Manhattan,treated,-1041.5300728026377,-396.80793676125,396.80793676125,False,E-Z Pass segment polyline; existing geo.py 60th-St anchors,local equirectangular 40.767deg; infinite 60th-St line; north positive,yrvwFnrmbMu^cV
6055,57th Street - Eastbound - 3rd Ave to 2nd Ave,Manhattan,treated,-401.2682011130338,-397.0899447542191,397.0899447542191,False,E-Z Pass segment polyline; existing geo.py 60th-St anchors,local equirectangular 40.767deg; infinite 60th-St line; north positive,_~wwFhxmbMxD}L
203041,57th St - eastbound - QBB UL Entrance to 1 Ave,Manhattan,treated,-406.85325596775107,-401.43351614370636,401.43351614370636,False,E-Z Pass segment polyline; existing geo.py 60th-St anchors,local equirectangular 40.767deg; infinite 60th-St line; north positive,avwwF`embMbCoH
21193,72nd Street - Eastbound - Lexington Ave to 2nd Ave,Manhattan,control,807.5866143338551,820.0338636895519,807.5866143338551,True,E-Z Pass segment polyline; existing geo.py 60th-St anchors,local equirectangular 40.767deg; infinite 60th-St line; north positive,}}ywF~vlbMrC_JrAgEn@wAl@uB
192193,2nd Avenue - Southbound - 86th St to 72nd St,Manhattan,control,812.195986360458,1968.3639291434988,812.195986360458,True,E-Z Pass segment polyline; existing geo.py 60th-St anchors,local equirectangular 40.767deg; infinite 60th-St line; north positive,wl{wFrujbM`LzH`Bt@`C`Brc@zY
22021,72nd Street - Eastbound - 5th Ave to Lexington Ave,Manhattan,control,814.9155806857028,826.2963860219041,814.9155806857028,True,E-Z Pass segment polyline; existing geo.py 60th-St anchors,local equirectangular 40.767deg; infinite 60th-St line; north positive,kjzwFfumbMtKa]
193021,72nd Streeet - Westbound - 2nd Ave to Lexington Ave,Manhattan,control,817.3142693647404,829.67724046978,817.3142693647404,True,E-Z Pass segment polyline; existing geo.py 60th-St anchors,local equirectangular 40.767deg; infinite 60th-St line; north positive,etywF|~kbMk@jBy@rB_AvC_DzJ
191021,Lexington Ave - Southbound - 86 St to 72 St,Manhattan,control,824.5589574663642,1978.363867753498,824.5589574663642,True,E-Z Pass segment polyline; existing geo.py 60th-St anchors,local equirectangular 40.767deg; infinite 60th-St line; north positive,yv{wFhmkbMtw@lh@
21022,72nd Street - Westbound - Lexington Ave to 5th Ave,Manhattan,control,833.02568020515,843.4210782998066,833.02568020515,True,E-Z Pass segment polyline; existing geo.py 60th-St anchors,local equirectangular 40.767deg; infinite 60th-St line; north positive,q~ywFnvlbMsK`]
189022,5th Avenue - Southbound - 86 St to 72 St,Manhattan,control,835.3562979881181,1988.1758010349647,835.3562979881181,True,E-Z Pass segment polyline; existing geo.py 60th-St anchors,local equirectangular 40.767deg; infinite 60th-St line; north positive,oc|wFrklbMrw@lh@
51043,72nd Street - Eastbound - Broadway to Columbus Ave (9th Ave),Manhattan,control,853.4177754396057,861.0611644973528,853.4177754396057,True,E-Z Pass segment polyline; existing geo.py 60th-St anchors,local equirectangular 40.767deg; infinite 60th-St line; north positive,{q{wF~rpbM^qAnFsP
43051,72nd Street - Westbound - Columbus Ave (9th Ave) to Broadway,Manhattan,control,872.5132821989068,880.0529441783455,872.5132821989068,True,E-Z Pass segment polyline; existing geo.py 60th-St anchors,local equirectangular 40.767deg; infinite 60th-St line; north positive,ij{wFb~obMoFtPe@|A
85116,49th Street - Westbound - 10th Ave to 11th Ave,Manhattan,treated,-980.7751783548359,-974.7006613518237,974.7006613518237,False,E-Z Pass segment polyline; existing geo.py 60th-St anchors,local equirectangular 40.767deg; infinite 60th-St line; north positive,kvxwFprrbMoFzP
116080,11th Avenue - Southbound - 49th St to 42nd St,Manhattan,exempt_in_zone,-1536.1526440849777,-975.686068592111,975.686068592111,False,E-Z Pass segment polyline; existing geo.py 60th-St anchors,local equirectangular 40.767deg; infinite 60th-St line; north positive,y}xwFldsbMpZ`S
39085,49th Street - Westbound - 9th Ave to 10th Ave,Manhattan,treated,-987.6341313848244,-980.7751783548359,980.7751783548359,False,E-Z Pass segment polyline; existing geo.py 60th-St anchors,local equirectangular 40.767deg; infinite 60th-St line; north positive,{nxwFx`rbMoFvP
109085,10th Avenue - Northbound - 42nd St to 49th St,Manhattan,treated,-1544.3892223697194,-981.7605855951232,981.7605855951232,False,E-Z Pass segment polyline; existing geo.py 60th-St anchors,local equirectangular 40.767deg; infinite 60th-St line; north positive,uzwwFxfsbMsZgS
39049,9th Avenue - Southbound - 49th St to 42nd St,Manhattan,treated,-1551.8413646267027,-987.4331601714715,987.4331601714715,False,E-Z Pass segment polyline; existing geo.py 60th-St anchors,local equirectangular 40.767deg; infinite 60th-St line; north positive,}nxwF|`rbMxNhJ~JvG
38039,49th Street - Westbound - 8th Ave to 9th Ave,Manhattan,treated,-995.0862736426322,-987.8253781851552,987.8253781851552,False,E-Z Pass segment polyline; existing geo.py 60th-St anchors,local equirectangular 40.767deg; infinite 60th-St line; north positive,igxwF~nqbMsF~P
53038,8th Avenue - Northbound - 42nd St to 49th St,Manhattan,treated,-1557.7149104172286,-994.4930844160286,994.4930844160286,False,E-Z Pass segment polyline; existing geo.py 60th-St anchors,local equirectangular 40.767deg; infinite 60th-St line; north positive,ukwwFfcrbMeCcB_C{A{BwA{B}A{ByA}B{A}ByA
37038,49th Street - Westbound - 7th Ave to 8th Ave,Manhattan,treated,-1000.9500950193112,-994.4930844160286,994.4930844160286,False,E-Z Pass segment polyline; existing geo.py 60th-St anchors,local equirectangular 40.767deg; infinite 60th-St line; north positive,_`xwFp}pbMkFnP
37059,7th Avenue - Southbound - 49th St to 42nd St,Manhattan,treated,-1565.1670526746032,-1000.5578770056275,1000.5578770056275,False,E-Z Pass segment polyline; existing geo.py 60th-St anchors,local equirectangular 40.767deg; infinite 60th-St line; north positive,_`xwFn}pbMxN~I`K|G
18037,49th Street - Westbound - 6th Ave to 7th Ave,Manhattan,treated,-1007.2255832365009,-1001.5432842467391,1001.5432842467391,False,E-Z Pass segment polyline; existing geo.py 60th-St anchors,local equirectangular 40.767deg; infinite 60th-St line; north positive,mxwwFpkpbMoF|P
15018,49th Street - Westbound - 5th Ave to 6th Ave,Manhattan,treated,-1014.1623315754891,-1006.8333652228172,1006.8333652228172,False,E-Z Pass segment polyline; existing geo.py 60th-St anchors,local equirectangular 40.767deg; infinite 60th-St line; north positive,}owwFhwobMoGdS
17018,6th Avenue - Northbound - 42nd St to 49th St,Manhattan,treated,-1569.854220010664,-1007.2255832365009,1007.2255832365009,False,E-Z Pass segment polyline; existing geo.py 60th-St anchors,local equirectangular 40.767deg; infinite 60th-St line; north positive,y|vwFx_qbMaK}GwFqDyFwD
15014,5th Avenue - Southbound - 49th St to 42th St,Manhattan,treated,-1578.1685936040565,-1014.1623315754891,1014.1623315754891,False,E-Z Pass segment polyline; existing geo.py 60th-St anchors,local equirectangular 40.767deg; infinite 60th-St line; north positive,}owwFhwobMvFxDzFrD`KzG
12015,49th Street - Westbound - Madison Ave to 5th Ave,Manhattan,treated,-1018.0229237582548,-1014.5545495891728,1014.5545495891728,False,E-Z Pass segment polyline; existing geo.py 60th-St anchors,local equirectangular 40.767deg; infinite 60th-St line; north positive,ukwwFfmobMgCbI
2012,49th Street - Westbound - Lexington Ave to Madison Ave,Manhattan,treated,-1026.1363261382942,-1017.6307057445713,1017.6307057445713,False,E-Z Pass segment polyline; existing geo.py 60th-St anchors,local equirectangular 40.767deg; infinite 60th-St line; north positive,ecwwFdynbMgC~HgC~H
11012,Madison Avenue - Northbound - 42nd St to 49th St,Manhattan,treated,-1582.0291857868222,-1020.1849850404178,1020.1849850404178,False,E-Z Pass segment polyline; existing geo.py 60th-St anchors,local equirectangular 40.767deg; infinite 60th-St line; north positive,_pvwFpapbMaG{DyJuGwFqD
2001,Lexington Avenue - Southbound - 49th St to 42nd St,Manhattan,treated,-1586.2009592036302,-1026.1363261382942,1026.1363261382942,False,E-Z Pass segment polyline; existing geo.py 60th-St anchors,local equirectangular 40.767deg; infinite 60th-St line; north positive,ecwwFdynbMlZhS
5002,49th Street - Westbound - 3rd Ave to Lexington Ave,Manhattan,treated,-1028.8105398674195,-1026.1363261382942,1026.1363261382942,False,E-Z Pass segment polyline; existing geo.py 60th-St anchors,local equirectangular 40.767deg; infinite 60th-St line; north positive,a_wwFfonbMcC|H
4005,3rd Avenue - Northbound - 42nd St to 49th St,Manhattan,treated,-1592.2333370819722,-1028.8105398674195,1028.8105398674195,False,E-Z Pass segment polyline; existing geo.py 60th-St anchors,local equirectangular 40.767deg; infinite 60th-St line; north positive,icvwFhcobMgCyAoVgP
46005,49th Street - Westbound - 2nd Ave to 3rd Ave,Manhattan,treated,-1034.7683639077354,-1030.9823255621716,1030.9823255621716,False,E-Z Pass segment polyline; existing geo.py 60th-St anchors,local equirectangular 40.767deg; infinite 60th-St line; north positive,ayvwFbanbMyD~L
46042,2nd Avenue - Southbound - 49th St to 42nd St,Manhattan,treated,-1598.5833791363634,-1034.7683639077354,1034.7683639077354,False,E-Z Pass segment polyline; existing geo.py 60th-St anchors,local equirectangular 40.767deg; infinite 60th-St line; north positive,ayvwFbanbM|L|HxLdI
40046,49th Street - Westbound - 1st Ave to 2nd Ave,Manhattan,treated,-1041.137854788954,-1034.7683639077354,1034.7683639077354,False,E-Z Pass segment polyline; existing geo.py 60th-St anchors,local equirectangular 40.767deg; infinite 60th-St line; north positive,yrvwFlrmbMgEtM
48040,1st Avenue - Northbound - 42nd St to 49th St,Manhattan,treated,-1605.5460592450515,-1041.3388260035647,1041.3388260035647,False,E-Z Pass segment polyline; existing geo.py 60th-St anchors,local equirectangular 40.767deg; infinite 60th-St line; north positive,_wuwFnfnbM_DsByMyI}FwD
171172,Henry Hudson Pkwy - Northbound - 79th St to 99th St,Manhattan,control,1458.8467977602231,3077.1545290655713,1458.8467977602231,True,E-Z Pass segment polyline; existing geo.py 60th-St anchors,local equirectangular 40.767deg; infinite 60th-St line; north positive,i||wFh~pbMkGwCsHsB_Cu@uCmAwCuAeGoD_FoDwEqEgKuMgD{B_IkB
172171,Henry Hudson Pkwy - Southbound - 99th St to 79th St,Manhattan,control,1459.287637841017,3077.605093559779,1459.287637841017,True,E-Z Pass segment polyline; existing geo.py 60th-St anchors,local equirectangular 40.767deg; infinite 60th-St line; north positive,}m_xFliobMvEvAzEhCjEfEdEhFjElE|EvDlJtFnEjBlEvAlHpBtFdC
109080,42nd Street - Westbound - 10th Ave to 11th Ave,Manhattan,treated,-1527.063558878073,-1519.027951806642,1519.027951806642,False,E-Z Pass segment polyline; existing geo.py 60th-St anchors,local equirectangular 40.767deg; infinite 60th-St line; north positive,q{wwFffsbMoFpP
49109,42nd Street - Westbound - 9th Ave to 10th Ave,Manhattan,treated,-1531.7604506275477,-1527.6567481055008,1527.6567481055008,False,E-Z Pass segment polyline; existing geo.py 60th-St anchors,local equirectangular 40.767deg; infinite 60th-St line; north positive,ctwwFhtrbMkFzP
80108,11th Avenue - Southbound - 42nd St to 34th St,Manhattan,exempt_in_zone,-2180.0903440998222,-1536.5448620982281,1536.5448620982281,False,E-Z Pass segment polyline; existing geo.py 60th-St anchors,local equirectangular 40.767deg; infinite 60th-St line; north positive,gbxwFpxsbMt^|U
53049,42nd Street - Westbound - 8th Ave to 9th Ave,Manhattan,treated,-1548.272504851569,-1541.212580607012,1541.212580607012,False,E-Z Pass segment polyline; existing geo.py 60th-St anchors,local equirectangular 40.767deg; infinite 60th-St line; north positive,alwwFtbrbMqFzP
78109,10th Avenue - Northbound - 34th St to 42nd St,Manhattan,treated,-2186.9492971306354,-1543.403815129432,1543.403815129432,False,E-Z Pass segment polyline; existing geo.py 60th-St anchors,local equirectangular 40.767deg; infinite 60th-St line; north positive,a{vwFv}sbMu^}U
59053,42nd Street - Westbound - 7th Ave to 8th Ave,Manhattan,treated,-1555.322704681888,-1548.855969664759,1548.855969664759,False,E-Z Pass segment polyline; existing geo.py 60th-St anchors,local equirectangular 40.767deg; infinite 60th-St line; north positive,sdwwFbqqbMoFxP
49119,9th Avenue - Southbound - 42nd St to 37th St,Manhattan,treated,-1947.9296947839653,-1551.8413646267027,1551.8413646267027,False,E-Z Pass segment polyline; existing geo.py 60th-St anchors,local equirectangular 40.767deg; infinite 60th-St line; north positive,cswwF~trbMnRbM
80109,42nd Street - Eastbound - 11th Ave to 10th Ave,Manhattan,treated,-1556.0034136305223,-1552.885118348763,1552.885118348763,False,E-Z Pass segment polyline; existing geo.py 60th-St anchors,local equirectangular 40.767deg; infinite 60th-St line; north positive,maxwFbysbMhF{P
17059,42nd Street - Westbound - 6th Ave to 7th Ave,Manhattan,treated,-1561.5884684852313,-1555.322704681888,1555.322704681888,False,E-Z Pass segment polyline; existing geo.py 60th-St anchors,local equirectangular 40.767deg; infinite 60th-St line; north positive,e}vwFl_qbMmFtP
57053,8th Avenue - Northbound - 34th St to 42nd St,Manhattan,treated,-2197.911952683453,-1558.3080996446565,1558.3080996446565,False,E-Z Pass segment polyline; existing geo.py 60th-St anchors,local equirectangular 40.767deg; infinite 60th-St line; north positive,elvwFbzrbMm^}U
49053,42nd Street - Eastbound - 9th Ave to 8th Ave,Manhattan,treated,-1566.1816331564057,-1560.7003053799967,1560.7003053799967,False,E-Z Pass segment polyline; existing geo.py 60th-St anchors,local equirectangular 40.767deg; infinite 60th-St line; north positive,urwwFhurbMlFyP
109049,42nd Street - Eastbound - 10th Ave to 9th Ave,Manhattan,treated,-1563.4555558887635,-1560.7294786206878,1560.7294786206878,False,E-Z Pass segment polyline; existing geo.py 60th-St anchors,local equirectangular 40.767deg; infinite 60th-St line; north positive,{ywwFjgsbMhF}P
14017,42nd Street - Westbound - 5th Ave to 6th Ave,Manhattan,treated,-1569.3096528515869,-1561.9806864989148,1561.9806864989148,False,E-Z Pass segment polyline; existing geo.py 60th-St anchors,local equirectangular 40.767deg; infinite 60th-St line; north positive,utvwFhkpbMoGdS
59060,7th Avenue - Southbound - 42nd St to 34th St,Manhattan,treated,-2205.163123727083,-1563.789427420674,1563.789427420674,False,E-Z Pass segment polyline; existing geo.py 60th-St anchors,local equirectangular 40.767deg; infinite 60th-St line; north positive,edwwFjqqbMvNpJlJvGfBdA`@P
53059,42nd Street - Eastbound - 8th Ave to 7th Ave,Manhattan,treated,-1572.648368173535,-1567.167040396693,1567.167040396693,False,E-Z Pass segment polyline; existing geo.py 60th-St anchors,local equirectangular 40.767deg; infinite 60th-St line; north positive,ekwwFncrbMlFyP
11014,42nd Street - Westbound - Madison Ave to 5th Ave,Manhattan,treated,-1573.1702450343525,-1569.3096528515869,1569.3096528515869,False,E-Z Pass segment polyline; existing geo.py 60th-St anchors,local equirectangular 40.767deg; infinite 60th-St line; north positive,mpvwFfapbMgC`I
23017,6th Avenue - Northbound - 34th St to 42nd St,Manhattan,treated,-2211.830829957132,-1569.4620019974132,1569.4620019974132,False,E-Z Pass segment polyline; existing geo.py 60th-St anchors,local equirectangular 40.767deg; infinite 60th-St line; north positive,c}uwFnvqbMu^wU
59017,42nd Street - Eastbound - 7th Ave to 6th Ave,Manhattan,treated,-1579.3063499901702,-1572.648368173535,1572.648368173535,False,E-Z Pass segment polyline; existing geo.py 60th-St anchors,local equirectangular 40.767deg; infinite 60th-St line; north positive,wcwwFtqqbMlFsP
1011,42nd Street - Westbound - Lexington Ave to Madison Ave,Manhattan,treated,-1578.7293681193696,-1573.1702450343525,1573.1702450343525,False,E-Z Pass segment polyline; existing geo.py 60th-St anchors,local equirectangular 40.767deg; infinite 60th-St line; north positive,_hvwF|lobMmGhS
14118,5th Avenue - Southbound - 42nd St to 34th St,Manhattan,treated,-2218.566607083201,-1575.8055611089737,1575.8055611089737,False,E-Z Pass segment polyline; existing geo.py 60th-St anchors,local equirectangular 40.767deg; infinite 60th-St line; north positive,ktvwFpkpbMt^xU
4001,42nd Street - Westbound - 3rd Ave to Lexington Ave,Manhattan,treated,-1584.7520215834738,-1578.7293681193696,1578.7293681193696,False,E-Z Pass segment polyline; existing geo.py 60th-St anchors,local equirectangular 40.767deg; infinite 60th-St line; north positive,ucvwF`cobMiCzH
17014,42nd Street - Eastbound - 6th Ave to 5th Ave,Manhattan,treated,-1588.0129415976378,-1579.6985680029873,1579.6985680029873,False,E-Z Pass segment polyline; existing geo.py 60th-St anchors,local equirectangular 40.767deg; infinite 60th-St line; north positive,i|vwFb`qbMpGeS
8011,Madison Avenue - Northbound - 34th St to 42nd St,Manhattan,treated,-2222.61844606673,-1581.6369677731386,1581.6369677731386,False,E-Z Pass segment polyline; existing geo.py 60th-St anchors,local equirectangular 40.767deg; infinite 60th-St line; north positive,opuwFnxpbM}JsGqJmG_G}D
42004,42nd Street - Westbound - 2nd Ave to 3rd Ave,Manhattan,treated,-1589.7244383838938,-1584.3598035697903,1584.3598035697903,False,E-Z Pass segment polyline; existing geo.py 60th-St anchors,local equirectangular 40.767deg; infinite 60th-St line; north positive,w}uwF|tnbM}D`M
14011,42nd Street - Eastbound - 5th Ave to Madison Ave,Manhattan,treated,-1590.4959085264322,-1588.0129415976378,1588.0129415976378,False,E-Z Pass segment polyline; existing geo.py 60th-St anchors,local equirectangular 40.767deg; infinite 60th-St line; north positive,wsvwF|kpbMdCcI
48042,42nd Street - Westbound - 1st Ave to 2nd Ave,Manhattan,treated,-1593.9318679838161,-1589.33222037021,1589.33222037021,False,E-Z Pass segment polyline; existing geo.py 60th-St anchors,local equirectangular 40.767deg; infinite 60th-St line; north positive,qwuwF`fnbMeExM
11001,42nd Street - Eastbound - Madison Ave to Lexington Ave,Manhattan,treated,-1599.0015289192888,-1590.4959085264322,1590.4959085264322,False,E-Z Pass segment polyline; existing geo.py 60th-St anchors,local equirectangular 40.767deg; infinite 60th-St line; north positive,qovwFxapbMxCiJtBuG
20004,3rd Avenue - Northbound - 34th St to 42nd St,Manhattan,treated,-2234.7934118424546,-1592.2333370819722,1592.2333370819722,False,E-Z Pass segment polyline; existing geo.py 60th-St anchors,local equirectangular 40.767deg; infinite 60th-St line; north positive,ucuwFfzobMaKuGqFmD_KyG
1004,42nd Street - Eastbound - Lexington Ave to 3rd Ave,Manhattan,treated,-1602.0776850755537,-1599.0015289192888,1599.0015289192888,False,E-Z Pass segment polyline; existing geo.py 60th-St anchors,local equirectangular 40.767deg; infinite 60th-St line; north positive,agvwFxmobMfCeI
42103,2nd Avenue -  Southbound - 42nd St to 34th St,Manhattan,treated,-2240.9424826839263,-1601.5396008580497,1601.5396008580497,False,E-Z Pass segment polyline; existing geo.py 60th-St anchors,local equirectangular 40.767deg; infinite 60th-St line; north positive,c}uwFfunbMj^`V
4042,42nd Street - Eastbound - 3rd Ave to 2nd Ave,Manhattan,treated,-1607.442319888833,-1602.0776850755537,1602.0776850755537,False,E-Z Pass segment polyline; existing geo.py 60th-St anchors,local equirectangular 40.767deg; infinite 60th-St line; north positive,ybvwFrcobM|DaM
42048,42nd Street - Eastbound - 2nd Ave to 1st Ave,Manhattan,treated,-1614.404999997088,-1607.834537902517,1607.834537902517,False,E-Z Pass segment polyline; existing geo.py 60th-St anchors,local equirectangular 40.767deg; infinite 60th-St line; north positive,{|uwFrunbMhEyM
119061,9th Avenue - Southbound - 37th St to 34th St,Manhattan,treated,-2191.445217665499,-1948.321912797649,1948.321912797649,False,E-Z Pass segment polyline; existing geo.py 60th-St anchors,local equirectangular 40.767deg; infinite 60th-St line; north positive,s_wwFdcsbM|JvG
190191,Lexington Ave - Southbound - 96 St to 86 St,Manhattan,control,1977.5794317261305,2788.6506275861702,1977.5794317261305,True,E-Z Pass segment polyline; existing geo.py 60th-St anchors,local equirectangular 40.767deg; infinite 60th-St line; north positive,u~|wFjpjbMzf@`\
188189,5th Avenue  - Southbound - 96 St to 86 St,Manhattan,control,1988.1758010349647,2799.840186120783,1988.1758010349647,True,E-Z Pass segment polyline; existing geo.py 60th-St anchors,local equirectangular 40.767deg; infinite 60th-St line; north positive,mk}wFrnkbM|f@~[
78108,34th Street - Westbound - 10th Ave to 11th Ave,Manhattan,treated,-2165.8829758895017,-2163.357869836037,2163.357869836037,False,E-Z Pass segment polyline; existing geo.py 60th-St anchors,local equirectangular 40.767deg; infinite 60th-St line; north positive,c|vwF`}sbMgFxP
61078,34th Street - Westbound - 9th Ave to 10th Ave,Manhattan,treated,-2182.1940589002124,-2175.727323883083,2175.727323883083,False,E-Z Pass segment polyline; existing geo.py 60th-St anchors,local equirectangular 40.767deg; infinite 60th-St line; north positive,ctvwFpksbMoFxP
57061,34th Street - Westbound - 8th Ave to 9th Ave,Manhattan,treated,-2190.4306371849543,-2182.586276913896,2182.586276913896,False,E-Z Pass segment polyline; existing geo.py 60th-St anchors,local equirectangular 40.767deg; infinite 60th-St line; north positive,qlvwFzyrbMqFvP
108104,11th Avenue - Southbound - 34th St to 23rd St,Manhattan,exempt_in_zone,-3067.1416245699693,-2184.2329442767973,2184.2329442767973,False,E-Z Pass segment polyline; existing geo.py 60th-St anchors,local equirectangular 40.767deg; infinite 60th-St line; north positive,gbwwFjotbMdj@d_@
79078,10th Avenue - Northbound - 23rd St to 34th St,Manhattan,treated,-3062.788328766253,-2185.5716718766644,2185.5716718766644,False,E-Z Pass segment polyline; existing geo.py 60th-St anchors,local equirectangular 40.767deg; infinite 60th-St line; north positive,_puwFb}tbMcj@m^
60057,34th Street - Westbound - 7th Ave to 8th Ave,Manhattan,treated,-2196.6964009879057,-2190.4306371849543,2190.4306371849543,False,E-Z Pass segment polyline; existing geo.py 60th-St anchors,local equirectangular 40.767deg; infinite 60th-St line; north positive,cevwFdhrbMmFtP
61082,9th Avenue - Southbound - 34th St to 23rd St,Manhattan,treated,-3068.8531213562433,-2191.445217665499,2191.445217665499,False,E-Z Pass segment polyline; existing geo.py 60th-St anchors,local equirectangular 40.767deg; infinite 60th-St line; north positive,usvwF|ksbMtVjPxLbIpDbC
108078,34th Street - Eastbound - 11th Ave to 10th Ave,Manhattan,treated,-2196.200455895922,-2193.2831318287735,2193.2831318287735,False,E-Z Pass segment polyline; existing geo.py 60th-St anchors,local equirectangular 40.767deg; infinite 60th-St line; north positive,{awwFzotbMfFwP
78061,34th Street - Eastbound - 10th Ave to 9th Ave,Manhattan,treated,-2201.2895656590804,-2195.808237882671,2195.808237882671,False,E-Z Pass segment polyline; existing geo.py 60th-St anchors,local equirectangular 40.767deg; infinite 60th-St line; north positive,szvwF`~sbMlFyP
23060,34th Street - Westbound - 6th Ave to 7th Ave,Manhattan,treated,-2202.971889205529,-2196.6964009879057,2196.6964009879057,False,E-Z Pass segment polyline; existing geo.py 60th-St anchors,local equirectangular 40.767deg; infinite 60th-St line; north positive,q}uwFdvqbMqF~P
50057,8th Avenue - Northbound - 23rd St to 34th St,Manhattan,treated,-3075.1286095738656,-2197.911952683453,2197.911952683453,False,E-Z Pass segment polyline; existing geo.py 60th-St anchors,local equirectangular 40.767deg; infinite 60th-St line; north positive,aauwFpysbMcj@m^
61057,34th Street - Eastbound - 9th Ave to 8th Ave,Manhattan,treated,-2206.7708934359225,-2201.2895656590804,2201.2895656590804,False,E-Z Pass segment polyline; existing geo.py 60th-St anchors,local equirectangular 40.767deg; infinite 60th-St line; north positive,esvwFflsbMlFyP
118023,34th Street - Westbound - 5th Ave to 6th Ave,Manhattan,treated,-2211.477509598819,-2201.594263951558,2201.594263951558,False,E-Z Pass segment polyline; existing geo.py 60th-St anchors,local equirectangular 40.767deg; infinite 60th-St line; north positive,auuwFdbqbMqG|R
60106,7th Avenue - Southbound - 34th St to 23rd St,Manhattan,treated,-3082.77199863118,-2206.1485309673703,2206.1485309673703,False,E-Z Pass segment polyline; existing geo.py 60th-St anchors,local equirectangular 40.767deg; infinite 60th-St line; north positive,sdvwFlhrbM`j@n^
57060,34th Street - Eastbound - 8th Ave to 7th Ave,Manhattan,treated,-2213.0366572392654,-2206.7708934359225,2206.7708934359225,False,E-Z Pass segment polyline; existing geo.py 60th-St anchors,local equirectangular 40.767deg; infinite 60th-St line; north positive,wkvwFlzrbMlFuP
8118,34th Street - Westbound - Madison Ave to 5th Ave,Manhattan,treated,-2214.744912554981,-2211.085291585135,2211.085291585135,False,E-Z Pass segment polyline; existing geo.py 60th-St anchors,local equirectangular 40.767deg; infinite 60th-St line; north positive,{puwFdxpbMeC|H
47023,6th Avenue - Northbound - 23rd St to 34th ST,Manhattan,treated,-3088.4542976209414,-2211.830829957132,2211.830829957132,False,E-Z Pass segment polyline; existing geo.py 60th-St anchors,local equirectangular 40.767deg; infinite 60th-St line; north positive,artwF~urbMeCaB}]oUMOoFmD
60023,34th Street - Eastbound - 7th Ave to 6th Ave,Manhattan,treated,-2219.312145455631,-2213.0366572392654,2213.0366572392654,False,E-Z Pass segment polyline; existing geo.py 60th-St anchors,local equirectangular 40.767deg; infinite 60th-St line; north positive,idvwFvhrbMpF_Q
20008,34th Street - Westbound - 3rd Ave to Madison Ave,Manhattan,treated,-2224.5568458364473,-2214.744912554981,2214.744912554981,False,E-Z Pass segment polyline; existing geo.py 60th-St anchors,local equirectangular 40.767deg; infinite 60th-St line; north positive,eduwFzyobMeCbIgCbIgC`I
23118,34th Street - Eastbound - 6th Ave to 5th Ave,Manhattan,treated,-2226.4401405953827,-2220.096581482998,2220.096581482998,False,E-Z Pass segment polyline; existing geo.py 60th-St anchors,local equirectangular 40.767deg; infinite 60th-St line; north positive,w|uwFzvqbMlGeS
102103,34th Street - Westbound - 1st Ave to 2nd Ave,Manhattan,treated,-2231.564906541213,-2225.1954156599945,2225.1954156599945,False,E-Z Pass segment polyline; existing geo.py 60th-St anchors,local equirectangular 40.767deg; infinite 60th-St line; north positive,gxtwF~|nbMgEtM
204008,Madison Avenue - northbound - 23 st to 34 st,Manhattan,treated,-3092.353787458211,-2226.7513218298586,2226.7513218298586,False,E-Z Pass segment polyline; existing geo.py 60th-St anchors,local equirectangular 40.767deg; infinite 60th-St line; north positive,wetwFtwqbMqi@_^
103020,34th Street - Westbound - 2nd Ave to 3rd Ave,Manhattan,treated,-2232.0835419306322,-2226.91987833153,2226.91987833153,False,E-Z Pass segment polyline; existing geo.py 60th-St anchors,local equirectangular 40.767deg; infinite 60th-St line; north positive,e~twF~kobM{D|L
118008,34th Street - Eastbound - 5th Ave to Madison Ave,Manhattan,treated,-2231.4773868187663,-2227.42554783567,2227.42554783567,False,E-Z Pass segment polyline; existing geo.py 60th-St anchors,local equirectangular 40.767deg; infinite 60th-St line; north positive,gtuwFtbqbMdC{H
8020,34th Street - Eastbound - Madison Ave to 3rd Ave,Manhattan,treated,-2243.6523525957487,-2231.4773868187663,2231.4773868187663,False,E-Z Pass segment polyline; existing geo.py 60th-St anchors,local equirectangular 40.767deg; infinite 60th-St line; north positive,apuwFxxpbMdCyHjCmIfC_I
44020,3rd Avenue - Northbound - 23rd St to 34th St,Manhattan,treated,-3110.632443478897,-2234.7934118424546,2234.7934118424546,False,E-Z Pass segment polyline; existing geo.py 60th-St anchors,local equirectangular 40.767deg; infinite 60th-St line; north positive,sxswFrypbMaj@k^
103105,2nd Avenue - Southbound - 34th St to 23rd St,Manhattan,treated,-3118.159139573906,-2241.9278899242136,2241.9278899242136,False,E-Z Pass segment polyline; existing geo.py 60th-St anchors,local equirectangular 40.767deg; infinite 60th-St line; north positive,u}twFhlobM`j@l^
20103,34th Street - Eastbound - 3rd Ave to 2nd Ave,Manhattan,treated,-2247.8306089545636,-2243.6523525957487,2243.6523525957487,False,E-Z Pass segment polyline; existing geo.py 60th-St anchors,local equirectangular 40.767deg; infinite 60th-St line; north positive,gcuwFpzobMxD}L
45102,1st Avenue - Northbound - 23rd St to 34th St,Manhattan,treated,-3125.514037695845,-2246.929479964483,2246.929479964483,False,E-Z Pass segment polyline; existing geo.py 60th-St anchors,local equirectangular 40.767deg; infinite 60th-St line; north positive,ilswF`}obMaj@y^
103102,34th Street - Eastbound - 2nd Ave to 1st Ave,Manhattan,treated,-2255.7786963039302,-2248.031580168741,2248.031580168741,False,E-Z Pass segment polyline; existing geo.py 60th-St anchors,local equirectangular 40.767deg; infinite 60th-St line; north positive,k}twFnlobMhEsM
79104,23rd Street - Westbound - 10th Ave to 11th Ave,Manhattan,treated,-3044.67822924763,-3039.3881482715524,3039.3881482715524,False,E-Z Pass segment polyline; existing geo.py 60th-St anchors,local equirectangular 40.767deg; infinite 60th-St line; north positive,{puwFl|tbMoF~P
172173,Henry Hudson Pkwy - Northbound - 99th St to 125th St,Manhattan,control,3045.4399749767044,5615.1648801014635,3045.4399749767044,True,E-Z Pass segment polyline; existing geo.py 60th-St anchors,local equirectangular 40.767deg; infinite 60th-St line; north positive,kk_xFbhobMuG}AcGgC{FgDkFkD{^}V{I{EwIoFoIeGwIgEqIqGaIeI
82079,23rd Street - Westbound - 9th Ave to 10th Ave,Manhattan,treated,-3056.846712081757,-3051.5663555187007,3051.5663555187007,False,E-Z Pass segment polyline; existing geo.py 60th-St anchors,local equirectangular 40.767deg; infinite 60th-St line; north positive,eiuwF`ktbMkFtP
50082,23rd Street - Westbound - 8th Ave to 9th Ave,Manhattan,treated,-3063.51441831263,-3057.23893009544,3057.23893009544,False,E-Z Pass segment polyline; existing geo.py 60th-St anchors,local equirectangular 40.767deg; infinite 60th-St line; north positive,sauwFbysbMqF~P
106050,23rd Street - Westbound - 7th Ave to 8th Ave,Manhattan,treated,-3068.794774875728,-3060.366949790613,3060.366949790613,False,E-Z Pass segment polyline; existing geo.py 60th-St anchors,local equirectangular 40.767deg; infinite 60th-St line; north positive,gztwFlgsbMoFnP
75079,10th Avenue - Northbound - 14th St to 23rd St,Manhattan,treated,-3771.1016465442067,-3065.935797287837,3065.935797287837,False,E-Z Pass segment polyline; existing geo.py 60th-St anchors,local equirectangular 40.767deg; infinite 60th-St line; north positive,cmtwFjvubMaAo@WE}^kV
47106,23rd Street - Westbound - 6th Ave to 7th Ave,Manhattan,treated,-3069.751008875324,-3067.809367634616,3067.809367634616,False,E-Z Pass segment polyline; existing geo.py 60th-St anchors,local equirectangular 40.767deg; infinite 60th-St line; north positive,_stwFjurbMiF`Q
79082,23rd Street - Eastbound - 10th Ave to 9th Ave,Manhattan,treated,-3074.9568116003793,-3068.892019010347,3068.892019010347,False,E-Z Pass segment polyline; existing geo.py 60th-St anchors,local equirectangular 40.767deg; infinite 60th-St line; north positive,uouwFh}tbMjFqP
104079,23rd Street - Eastbound - 11th Ave to 10th Ave,Manhattan,treated,-3072.039487532364,-3069.9163239051722,3069.9163239051722,False,E-Z Pass segment polyline; existing geo.py 60th-St anchors,local equirectangular 40.767deg; infinite 60th-St line; north positive,uvuwF`oubMbFqP
82110,9th Avenue - Southbound - 23rd St to 14th St,Manhattan,treated,-3773.607303771278,-3070.2307466102143,3070.2307466102143,False,E-Z Pass segment polyline; existing geo.py 60th-St anchors,local equirectangular 40.767deg; infinite 60th-St line; north positive,qhuwFrktbMhYfRTPPTzE`D
173172,Henry Hudson Pkwy - Southbound - 125th St to 99th St,Manhattan,control,3073.2712465832974,5625.048125748741,3073.2712465832974,True,E-Z Pass segment polyline; existing geo.py 60th-St anchors,local equirectangular 40.767deg; infinite 60th-St line; north positive,ykcxFvolbMnOxOhNdIjH|EtW`OnJvGvN`KlOpJ|FjCrG~A
82050,23rd Street - Eastbound - 9th Ave to 8th Ave,Manhattan,treated,-3080.246892577282,-3074.564593586696,3074.564593586696,False,E-Z Pass segment polyline; existing geo.py 60th-St anchors,local equirectangular 40.767deg; infinite 60th-St line; north positive,ihuwFtktbMnF}P
106107,7th Avenue - Southbound - 23rd St to 14th St,Manhattan,treated,-3788.33006590041,-3083.7574058722917,3083.7574058722917,False,E-Z Pass segment polyline; existing geo.py 60th-St anchors,local equirectangular 40.767deg; infinite 60th-St line; north positive,oytwF|gsbMta@bX
204047,23rd Street - westbound - madison ave to 6 ave,Manhattan,treated,-3092.545034258542,-3083.9292038449535,3083.9292038449535,False,E-Z Pass segment polyline; existing geo.py 60th-St anchors,local equirectangular 40.767deg; infinite 60th-St line; north positive,yetwFzwqbMmKz\
50106,23rd Street - Eastbound - 8th Ave to 7th Ave,Manhattan,treated,-3092.0231573969004,-3088.1204260882064,3088.1204260882064,False,E-Z Pass segment polyline; existing geo.py 60th-St anchors,local equirectangular 40.767deg; infinite 60th-St line; north positive,m`uwF`zsbMhFwP
47204,23rd Street - eastbound - 6 ave to madison ave,Manhattan,treated,-3100.4185677698997,-3091.4105193426276,3091.4105193426276,False,E-Z Pass segment polyline; existing geo.py 60th-St anchors,local equirectangular 40.767deg; infinite 60th-St line; north positive,{qtwF~urbMlKy\
44204,23rd Street- westbound - 3 ave to madison ave,Manhattan,treated,-3105.5044360616344,-3093.5401659118515,3093.5401659118515,False,E-Z Pass segment polyline; existing geo.py 60th-St anchors,local equirectangular 40.767deg; infinite 60th-St line; north positive,_yswFvypbMsKx\
106047,23rd Street - Eastbound - 7th Ave to 6th Ave,Manhattan,treated,-3097.313238373411,-3094.3861898919827,3094.3861898919827,False,E-Z Pass segment polyline; existing geo.py 60th-St anchors,local equirectangular 40.767deg; infinite 60th-St line; north positive,_ytwFjhsbMjFaQ
105044,23rd Street - Westbound - 2nd Ave to 3rd Ave,Manhattan,treated,-3098.470443586744,-3097.640626962865,3097.640626962865,False,E-Z Pass segment polyline; existing geo.py 60th-St anchors,local equirectangular 40.767deg; infinite 60th-St line; north positive,ssswFbkpbMsD~L
45105,23rd Street - Westbound - 1st Ave to 2nd Ave,Manhattan,treated,-3101.893437160556,-3099.4558508270306,3099.4558508270306,False,E-Z Pass segment polyline; existing geo.py 60th-St anchors,local equirectangular 40.767deg; infinite 60th-St line; north positive,mmswFb|obMcE~M
204044,23rd Street - eastbound - madison ave to 3 ave,Manhattan,treated,-3113.5789407867364,-3101.021481411174,3101.021481411174,False,E-Z Pass segment polyline; existing geo.py 60th-St anchors,local equirectangular 40.767deg; infinite 60th-St line; north positive,getwFxwqbMtK{\
44105,23rd Street - Eastbound - 3rd Ave to 2nd Ave,Manhattan,treated,-3130.356795648723,-3122.839823967128,3122.839823967128,False,E-Z Pass segment polyline; existing geo.py 60th-St anchors,local equirectangular 40.767deg; infinite 60th-St line; north positive,_xswF~ypbMzDqL
105045,23rd Street - Eastbound - 2nd Ave to 1st Ave,Manhattan,treated,-3132.995353194344,-3127.41029834045,3127.41029834045,False,E-Z Pass segment polyline; existing geo.py 60th-St anchors,local equirectangular 40.767deg; infinite 60th-St line; north positive,erswFblpbMfEyM
76045,1st Avenue - Northbound - 14th St to 23rd St,Manhattan,treated,-3826.939229203204,-3128.671230631275,3128.671230631275,False,E-Z Pass segment polyline; existing geo.py 60th-St anchors,local equirectangular 40.767deg; infinite 60th-St line; north positive,wirwF~upbMia@aX
107075,14th Street – westbound – 7th Ave to 11 Ave/Rt 9A,Manhattan,treated,-3780.0545899611307,-3760.2621668961006,3760.2621668961006,False,E-Z Pass segment polyline; existing geo.py 60th-St anchors,local equirectangular 40.767deg; infinite 60th-St line; north positive,iwswF~`tbMoUjt@
75107,14th Street – eastbound – 11 Ave/Rt 9A to 7th Ave,Manhattan,treated,-3790.0999091676313,-3771.283168930733,3771.283168930733,False,E-Z Pass segment polyline; existing geo.py 60th-St anchors,local equirectangular 40.767deg; infinite 60th-St line; north positive,imtwFzvubMpUut@
83107,14th Street – westbound – Union Sqr. East / Broadway to 7th Avenue,Manhattan,treated,-3797.7530226396248,-3777.29933945323,3777.29933945323,False,E-Z Pass segment polyline; existing geo.py 60th-St anchors,local equirectangular 40.767deg; infinite 60th-St line; north positive,_`swFfirbMmVrv@
107083,14th Street – eastbound – 7th Avenue to Union Sqr. East / Broadway,Manhattan,treated,-3810.573041182153,-3790.8746207815852,3790.8746207815852,False,E-Z Pass segment polyline; existing geo.py 60th-St anchors,local equirectangular 40.767deg; infinite 60th-St line; north positive,{vswFratbMxVuw@
76083,14th Street – westbound – 1st Avenue to Union Sqr. East / Broadway,Manhattan,treated,-3819.2569424913527,-3798.7384298799125,3798.7384298799125,False,E-Z Pass segment polyline; existing geo.py 60th-St anchors,local equirectangular 40.767deg; infinite 60th-St line; north positive,ejrwFzupbMwTjr@
83076,14th Street – eastbound – Union Sqr. East / Broadway to 1st Avenue,Manhattan,treated,-3830.096422138635,-3810.573041182153,3810.573041182153,False,E-Z Pass segment polyline; existing geo.py 60th-St anchors,local equirectangular 40.767deg; infinite 60th-St line; north positive,a_swF|hrbMpTar@
197195,Williamsburg Bridge - Westbound - Brooklyn @ Bedford Ave to Manhattan @ Delancey,Manhattan,crossing,-5272.006532947823,-5068.947811944896,5068.947811944896,False,E-Z Pass segment polyline; existing geo.py 60th-St anchors,local equirectangular 40.767deg; infinite 60th-St line; north positive,aknwFr}lbMwh@fhC
194196,Williamsburg Bridge - Eastbound - Manhattan @ Delancey to Brooklyn @ Bedford Ave,Manhattan,crossing,-5306.074395117535,-5100.652641619524,5100.652641619524,False,E-Z Pass segment polyline; existing geo.py 60th-St anchors,local equirectangular 40.767deg; infinite 60th-St line; north positive,_sowFvgqbMrh@ihC
200199,Battery Park Underpass - FDR Dr (Southbound) to West St (Northbound),Manhattan,exempt_in_zone,-8041.117572222524,-7765.505001651827,7765.505001651827,False,E-Z Pass segment polyline; existing geo.py 60th-St anchors,local equirectangular 40.767deg; infinite 60th-St line; north positive,ynlwFbqvbMb@tGSjC_@|AkBpB_CvAoD~@yC^oB?
199200,Battery Park Underpass - West St (Southbound) to FDR Dr (Northbound),Manhattan,exempt_in_zone,-8064.15470794419,-7781.816084661688,7781.816084661688,False,E-Z Pass segment polyline; existing geo.py 60th-St anchors,local equirectangular 40.767deg; infinite 60th-St line; north positive,admwF|kwbMfBBlIcBfGcFp@uFUqD]}C
