sample,group,month,link_hours_present,link_hours_usable,links_reporting,readings,positive_readings,availability,positive_reading_share,post
all,control,2023-01-01,56257,49369,101,672199,582973,0.877562,0.867263,False
all,control,2023-02-01,66322,56369,101,791340,662573,0.849929,0.83728,False
all,control,2023-03-01,74053,62236,100,888176,734985,0.840425,0.827522,False
all,control,2023-04-01,71280,59439,99,854941,701033,0.83388,0.819978,False
all,control,2023-05-01,46332,37636,99,554592,443963,0.812311,0.800522,False
all,control,2023-06-01,53559,43237,99,641158,507666,0.807278,0.791795,False
all,control,2023-07-01,63683,48297,115,761443,567417,0.758397,0.745186,False
all,control,2023-08-01,77879,60074,106,932784,708642,0.771376,0.759706,False
all,control,2023-09-01,74926,57796,106,895587,680390,0.771374,0.759714,False
all,control,2023-10-01,78873,63009,115,944805,741641,0.798867,0.784967,False
all,control,2023-11-01,72031,56880,106,861377,667591,0.78966,0.775028,False
all,control,2023-12-01,74294,63013,101,891513,745728,0.848157,0.836475,False
all,control,2024-01-01,68158,57630,100,816889,681397,0.845535,0.834137,False
all,control,2024-02-01,41610,34631,101,497464,407027,0.832276,0.818204,False
all,control,2024-03-01,72417,59621,101,865933,704126,0.823301,0.813141,False
all,control,2024-04-01,72421,59467,101,867976,702090,0.821129,0.808882,False
all,control,2024-05-01,74030,60477,103,886444,710676,0.816926,0.801716,False
all,control,2024-06-01,71280,61807,99,851815,727305,0.867102,0.85383,False
all,control,2024-07-01,72073,61643,99,861188,724572,0.855286,0.841363,False
all,control,2024-08-01,69297,59562,100,824722,698222,0.859518,0.846615,False
all,control,2024-09-01,71930,62143,100,862811,731619,0.863937,0.847948,False
all,control,2024-10-01,74400,63190,100,892290,745937,0.849328,0.83598,False
all,control,2024-11-01,71897,61288,100,861766,720684,0.852442,0.836287,False
all,control,2024-12-01,60600,51818,100,718373,607122,0.855083,0.845135,False
all,control,2025-01-01,74336,63966,100,890771,753838,0.860498,0.846276,True
all,control,2025-02-01,67200,53959,100,806400,636100,0.802961,0.788814,True
all,control,2025-03-01,74294,62418,100,891111,731080,0.840149,0.820414,True
all,control,2025-04-01,71324,61310,100,855830,714976,0.859598,0.835418,True
all,control,2025-05-01,73542,62020,99,880083,717196,0.843328,0.814919,True
all,control,2025-06-01,70244,60298,102,831923,692360,0.858408,0.83224,True
all,control,2025-07-01,75488,64194,102,895085,736257,0.850387,0.822555,True
all,control,2025-08-01,75836,66601,102,900929,770112,0.878224,0.854798,True
all,control,2025-09-01,73440,64518,102,870573,742536,0.878513,0.852928,True
all,control,2025-10-01,74868,65696,102,887429,755885,0.877491,0.85177,True
all,control,2025-11-01,73133,60396,102,871046,697535,0.825838,0.800802,True
all,control,2025-12-01,75458,60841,102,900368,707519,0.80629,0.785811,True
all,control,2026-01-01,75786,65354,102,907898,759940,0.862349,0.837032,True
all,control,2026-02-01,67327,56143,102,806270,649401,0.833885,0.805439,True
all,control,2026-03-01,67284,53531,102,805648,620506,0.795598,0.770195,True
all,control,2026-04-01,48678,41866,103,582043,481116,0.86006,0.826599,True
all,control,2026-05-01,64678,55035,103,770613,640983,0.850908,0.831783,True
all,treated,2023-01-01,5013,4366,9,59904,50517,0.870936,0.843299,False
all,treated,2023-02-01,5949,5192,9,70988,59900,0.872752,0.843805,False
all,treated,2023-03-01,6687,5830,9,80209,67517,0.871841,0.841763,False
all,treated,2023-04-01,6480,5638,9,77723,65579,0.870062,0.843753,False
all,treated,2023-05-01,4212,3677,9,50412,42519,0.872982,0.84343,False
all,treated,2023-06-01,4869,4248,9,58293,49387,0.872458,0.84722,False
all,treated,2023-07-01,5661,4938,9,67701,57328,0.872284,0.846782,False
all,treated,2023-08-01,6669,5810,9,79889,67522,0.871195,0.845198,False
all,treated,2023-09-01,6357,5537,9,75985,64177,0.871008,0.844601,False
all,treated,2023-10-01,6696,5812,9,80220,67623,0.867981,0.842969,False
all,treated,2023-11-01,6354,5244,9,75982,60530,0.825307,0.796636,False
all,treated,2023-12-01,6696,5830,9,80352,68041,0.870669,0.846787,False
all,treated,2024-01-01,6138,5319,9,73566,61851,0.866569,0.840755,False
all,treated,2024-02-01,3744,3263,9,44759,37821,0.871528,0.844992,False
all,treated,2024-03-01,6453,5624,9,77164,64438,0.871533,0.835079,False
all,treated,2024-04-01,6480,5178,9,77682,59067,0.799074,0.760369,False
all,treated,2024-05-01,6696,4371,9,80180,49512,0.652778,0.617511,False
all,treated,2024-06-01,6480,4229,9,77444,48178,0.652623,0.622101,False
all,treated,2024-07-01,6561,4242,9,78445,48264,0.646548,0.615259,False
all,treated,2024-08-01,6273,4038,9,74677,45566,0.643711,0.610174,False
all,treated,2024-09-01,6480,4171,9,77730,46569,0.643673,0.599112,False
all,treated,2024-10-01,6696,4226,9,80308,47524,0.631123,0.591772,False
all,treated,2024-11-01,6471,4066,9,77586,45672,0.628342,0.588663,False
all,treated,2024-12-01,5454,3527,9,64695,39957,0.646681,0.617621,False
all,treated,2025-01-01,6083,3760,9,72919,42549,0.618116,0.58351,True
all,treated,2025-02-01,5376,3289,8,64512,37451,0.611793,0.580528,True
all,treated,2025-03-01,5944,3620,8,71296,40271,0.609017,0.564842,True
all,treated,2025-04-01,5760,3507,8,69120,39598,0.608854,0.572888,True
all,treated,2025-05-01,5940,3607,8,71082,40774,0.607239,0.573619,True
all,treated,2025-06-01,5600,3392,8,66336,37993,0.605714,0.572736,True
all,treated,2025-07-01,6296,3932,9,74659,44373,0.624524,0.594342,True
all,treated,2025-08-01,6693,4224,9,79503,47603,0.631107,0.598757,True
all,treated,2025-09-01,6480,4144,9,76818,46854,0.639506,0.609935,True
all,treated,2025-10-01,6606,4226,9,78309,47584,0.639721,0.607644,True
all,treated,2025-11-01,6453,3363,9,76860,38206,0.521153,0.497086,True
all,treated,2025-12-01,6660,3904,9,79427,44113,0.586186,0.55539,True
all,treated,2026-01-01,6687,4290,9,80109,47610,0.641543,0.594315,True
all,treated,2026-02-01,6048,3739,9,72432,40364,0.618221,0.557268,True
all,treated,2026-03-01,5451,1994,9,65262,20923,0.365804,0.3206,True
all,treated,2026-04-01,4293,2270,9,51354,24935,0.528768,0.485551,True
all,treated,2026-05-01,4962,2695,9,59112,31293,0.543128,0.529385,True
peak,control,2023-01-01,9999,8766,101,119887,104197,0.876688,0.869127,False
peak,control,2023-02-01,12042,10242,101,143504,120658,0.850523,0.840799,False
peak,control,2023-03-01,13750,11550,100,164893,136694,0.84,0.828986,False
peak,control,2023-04-01,11880,9908,99,142560,117288,0.834007,0.822727,False
peak,control,2023-05-01,8910,7244,99,106567,85656,0.813019,0.803776,False
peak,control,2023-06-01,9801,7918,99,117513,93475,0.807877,0.795444,False
peak,control,2023-07-01,11150,8433,103,132667,98931,0.756323,0.745709,False
peak,control,2023-08-01,14502,11189,106,173173,132172,0.771549,0.763237,False
peak,control,2023-09-01,13144,10154,106,157241,119928,0.77252,0.762702,False
peak,control,2023-10-01,13992,11104,106,167155,130682,0.793596,0.781801,False
peak,control,2023-11-01,13152,10414,106,157824,122642,0.791819,0.777081,False
peak,control,2023-12-01,12577,10661,101,150920,126646,0.847658,0.83916,False
peak,control,2024-01-01,12289,10361,100,146461,122329,0.843112,0.835233,False
peak,control,2024-02-01,7903,6563,101,93736,77013,0.830444,0.821595,False
peak,control,2024-03-01,12019,9905,101,143925,117508,0.824112,0.816453,False
peak,control,2024-04-01,13286,10946,101,159323,129637,0.823875,0.813674,False
peak,control,2024-05-01,13732,11278,101,164570,132812,0.821293,0.807024,False
peak,control,2024-06-01,11880,10330,99,142170,122063,0.869529,0.858571,False
peak,control,2024-07-01,13335,11442,99,159686,135171,0.858043,0.84648,False
peak,control,2024-08-01,12803,11040,100,151658,129074,0.862298,0.851086,False
peak,control,2024-09-01,12584,10942,100,150992,129465,0.869517,0.85743,False
peak,control,2024-10-01,13800,11739,100,165272,138841,0.850652,0.840076,False
peak,control,2024-11-01,12598,10769,100,150818,126849,0.854818,0.841073,False
peak,control,2024-12-01,10600,9073,100,124239,105472,0.855943,0.848944,False
peak,control,2025-01-01,13800,11898,100,165403,140605,0.862174,0.850075,True
peak,control,2025-02-01,12000,9602,100,144000,113805,0.800167,0.790312,True
peak,control,2025-03-01,12600,10678,100,151200,125179,0.84746,0.827903,True
peak,control,2025-04-01,13080,11270,100,156960,131642,0.861621,0.838698,True
peak,control,2025-05-01,13049,11020,99,156529,127975,0.844509,0.81758,True
peak,control,2025-06-01,12136,10431,101,141899,118779,0.859509,0.837067,True
peak,control,2025-07-01,14001,11982,102,166278,138378,0.855796,0.832209,True
peak,control,2025-08-01,12850,11359,102,152400,132226,0.883969,0.867625,True
peak,control,2025-09-01,13464,11891,102,159324,136981,0.88317,0.859764,True
peak,control,2025-10-01,13974,12284,102,164219,140580,0.879061,0.856052,True
peak,control,2025-11-01,12240,10143,102,146171,118032,0.828676,0.807493,True
peak,control,2025-12-01,13770,11096,102,164923,130592,0.80581,0.791836,True
peak,control,2026-01-01,13464,11626,102,160957,136037,0.863488,0.845176,True
peak,control,2026-02-01,12020,10039,102,144224,116706,0.835191,0.8092,True
peak,control,2026-03-01,11817,9405,102,141604,109329,0.795887,0.772076,True
peak,control,2026-04-01,9699,8363,103,116170,97189,0.862254,0.83661,True
peak,control,2026-05-01,11122,9495,103,133138,111375,0.853713,0.836538,True
peak,treated,2023-01-01,891,792,9,10683,9469,0.888889,0.886362,False
peak,treated,2023-02-01,1080,960,9,12870,11421,0.888889,0.887413,False
peak,treated,2023-03-01,1242,1102,9,14895,13144,0.887279,0.882444,False
peak,treated,2023-04-01,1080,952,9,12960,11385,0.881481,0.878472,False
peak,treated,2023-05-01,810,720,9,9687,8554,0.888889,0.883039,False
peak,treated,2023-06-01,891,792,9,10683,9479,0.888889,0.887298,False
peak,treated,2023-07-01,990,878,9,11781,10401,0.886869,0.882862,False
peak,treated,2023-08-01,1242,1104,9,14832,13132,0.888889,0.885383,False
peak,treated,2023-09-01,1116,992,9,13341,11793,0.888889,0.883967,False
peak,treated,2023-10-01,1188,1048,9,14193,12465,0.882155,0.87825,False
peak,treated,2023-11-01,1161,975,9,13932,11642,0.839793,0.83563,False
peak,treated,2023-12-01,1134,1004,9,13608,12036,0.885362,0.88448,False
peak,treated,2024-01-01,1107,984,9,13194,11684,0.888889,0.885554,False
peak,treated,2024-02-01,711,632,9,8433,7486,0.888889,0.887703,False
peak,treated,2024-03-01,1071,946,9,12825,11234,0.883287,0.875945,False
peak,treated,2024-04-01,1188,972,9,14259,11536,0.818182,0.809033,False
peak,treated,2024-05-01,1242,825,9,14886,9731,0.664251,0.653701,False
peak,treated,2024-06-01,1080,719,9,12924,8503,0.665741,0.657923,False
peak,treated,2024-07-01,1215,809,9,14558,9602,0.665844,0.659569,False
peak,treated,2024-08-01,1155,762,9,13672,8893,0.65974,0.650453,False
peak,treated,2024-09-01,1134,750,9,13608,8689,0.661376,0.638521,False
peak,treated,2024-10-01,1242,819,9,14875,9665,0.65942,0.649748,False
peak,treated,2024-11-01,1134,729,9,13584,8470,0.642857,0.623528,False
peak,treated,2024-12-01,954,633,9,11188,7307,0.663522,0.65311,False
peak,treated,2025-01-01,1125,711,9,13494,8285,0.632,0.613977,True
peak,treated,2025-02-01,960,599,8,11520,7027,0.623958,0.609983,True
peak,treated,2025-03-01,1008,630,8,12096,7236,0.625,0.598214,True
peak,treated,2025-04-01,1056,659,8,12672,7761,0.624053,0.612453,True
peak,treated,2025-05-01,1054,657,8,12642,7767,0.62334,0.614381,True
peak,treated,2025-06-01,968,604,8,11320,6973,0.623967,0.615989,True
peak,treated,2025-07-01,1167,744,9,13851,8711,0.637532,0.628908,True
peak,treated,2025-08-01,1134,740,9,13446,8699,0.652557,0.646958,True
peak,treated,2025-09-01,1188,783,9,14058,9224,0.659091,0.656139,True
peak,treated,2025-10-01,1233,815,9,14490,9496,0.660989,0.655349,True
peak,treated,2025-11-01,1080,583,9,12897,6803,0.539815,0.527487,True
peak,treated,2025-12-01,1215,730,9,14558,8624,0.600823,0.592389,True
peak,treated,2026-01-01,1188,778,9,14202,9062,0.654882,0.638079,True
peak,treated,2026-02-01,1080,685,9,12960,7830,0.634259,0.604167,True
peak,treated,2026-03-01,948,344,9,11346,3851,0.362869,0.339415,True
peak,treated,2026-04-01,855,474,9,10242,5622,0.554386,0.548916,True
peak,treated,2026-05-01,858,480,9,10261,5640,0.559441,0.549654,True
offpeak,control,2023-01-01,30098,26431,101,359308,311346,0.878165,0.866516,False
offpeak,control,2023-02-01,35032,29846,101,417262,349227,0.851964,0.836949,False
offpeak,control,2023-03-01,41251,34676,100,494666,408803,0.84061,0.826422,False
offpeak,control,2023-04-01,35640,29709,99,427657,349767,0.833586,0.817868,False
offpeak,control,2023-05-01,26730,21735,99,320485,256493,0.813131,0.800328,False
offpeak,control,2023-06-01,29502,23788,99,353179,278992,0.806318,0.789945,False
offpeak,control,2023-07-01,33450,25230,115,400731,296519,0.75426,0.739945,False
offpeak,control,2023-08-01,43169,33295,106,517115,391966,0.771271,0.757986,False
offpeak,control,2023-09-01,38886,29956,106,463616,351032,0.770354,0.757161,False
offpeak,control,2023-10-01,41985,33493,115,502898,393253,0.797737,0.781974,False
offpeak,control,2023-11-01,39353,31191,106,469463,365548,0.792595,0.778651,False
offpeak,control,2023-12-01,37735,32025,101,452812,378252,0.848682,0.83534,False
offpeak,control,2024-01-01,36669,30943,100,440028,365615,0.843846,0.83089,False
offpeak,control,2024-02-01,24107,19998,101,288628,234628,0.829552,0.812908,False
offpeak,control,2024-03-01,36259,29834,101,433350,351420,0.822803,0.810938,False
offpeak,control,2024-04-01,39791,32616,101,477131,384633,0.819683,0.806137,False
offpeak,control,2024-05-01,41194,33744,103,492939,395718,0.819148,0.802773,False
offpeak,control,2024-06-01,35640,30858,99,424945,361771,0.865825,0.851336,False
offpeak,control,2024-07-01,39730,33985,99,473651,398569,0.855399,0.841482,False
offpeak,control,2024-08-01,37561,32309,100,446971,378308,0.860174,0.846382,False
offpeak,control,2024-09-01,37746,32660,100,452619,384743,0.865257,0.850037,False
offpeak,control,2024-10-01,41400,35204,100,496618,415147,0.850338,0.835948,False
offpeak,control,2024-11-01,37799,32181,100,453254,377844,0.851372,0.833625,False
offpeak,control,2024-12-01,30600,26174,100,364675,307932,0.855359,0.844401,False
offpeak,control,2025-01-01,41336,35511,100,495497,417329,0.859082,0.842243,True
offpeak,control,2025-02-01,36000,28748,100,432000,338030,0.798556,0.782477,True
offpeak,control,2025-03-01,37794,31746,100,453113,370766,0.839975,0.818264,True
offpeak,control,2025-04-01,39236,33671,100,470774,391520,0.858166,0.831652,True
offpeak,control,2025-05-01,39109,32966,99,469049,381354,0.842926,0.813037,True
offpeak,control,2025-06-01,36436,31218,102,432172,357371,0.85679,0.826918,True
offpeak,control,2025-07-01,41999,35772,102,498397,409607,0.851735,0.821849,True
offpeak,control,2025-08-01,38516,33938,102,457258,390981,0.88114,0.855056,True
offpeak,control,2025-09-01,40392,35419,102,479985,406937,0.876882,0.847812,True
offpeak,control,2025-10-01,41310,36194,102,490038,415727,0.876156,0.848357,True
offpeak,control,2025-11-01,36515,30096,102,434073,345366,0.824209,0.79564,True
offpeak,control,2025-12-01,42104,33732,102,501429,389327,0.801159,0.776435,True
offpeak,control,2026-01-01,40290,34734,102,482557,402939,0.8621,0.835008,True
offpeak,control,2026-02-01,36059,30079,102,431278,346048,0.834161,0.802378,True
offpeak,control,2026-03-01,35513,28276,102,424607,326369,0.796215,0.768638,True
offpeak,control,2026-04-01,29187,25090,103,348369,287003,0.859629,0.823848,True
offpeak,control,2026-05-01,32768,27885,103,391550,324472,0.850983,0.828686,True
offpeak,treated,2023-01-01,2682,2296,9,32022,26142,0.856078,0.816376,False
offpeak,treated,2023-02-01,3141,2699,9,37418,30703,0.85928,0.820541,False
offpeak,treated,2023-03-01,3726,3206,9,44686,36626,0.86044,0.81963,False
offpeak,treated,2023-04-01,3240,2766,9,38879,31676,0.853704,0.814733,False
offpeak,treated,2023-05-01,2430,2100,9,29129,24017,0.864198,0.824505,False
offpeak,treated,2023-06-01,2682,2310,9,32112,26649,0.861298,0.829877,False
offpeak,treated,2023-07-01,2970,2550,9,35592,29295,0.858586,0.823078,False
offpeak,treated,2023-08-01,3699,3170,9,44321,36224,0.856988,0.81731,False
offpeak,treated,2023-09-01,3297,2838,9,39318,32358,0.860783,0.822982,False
offpeak,treated,2023-10-01,3564,3051,9,42699,34960,0.856061,0.818755,False
offpeak,treated,2023-11-01,3474,2841,9,41442,32414,0.817789,0.782153,False
offpeak,treated,2023-12-01,3402,2915,9,40824,33489,0.856849,0.820326,False
offpeak,treated,2024-01-01,3303,2838,9,39636,32716,0.859219,0.825411,False
offpeak,treated,2024-02-01,2169,1863,9,25967,21334,0.858921,0.821581,False
offpeak,treated,2024-03-01,3231,2767,9,38617,31102,0.856391,0.805397,False
offpeak,treated,2024-04-01,3564,2816,9,42741,31411,0.790123,0.734915,False
offpeak,treated,2024-05-01,3726,2399,9,44592,26505,0.643854,0.594389,False
offpeak,treated,2024-06-01,3240,2078,9,38636,23212,0.641358,0.600787,False
offpeak,treated,2024-07-01,3618,2292,9,43179,25426,0.633499,0.588851,False
offpeak,treated,2024-08-01,3399,2136,9,40476,23570,0.62842,0.58232,False
offpeak,treated,2024-09-01,3402,2143,9,40794,23348,0.629924,0.572339,False
offpeak,treated,2024-10-01,3726,2281,9,44697,25012,0.612185,0.55959,False
offpeak,treated,2024-11-01,3402,2099,9,40802,23022,0.61699,0.564237,False
offpeak,treated,2024-12-01,2754,1756,9,32850,19678,0.637618,0.599026,False
offpeak,treated,2025-01-01,3374,2043,9,40458,22639,0.605513,0.559568,True
offpeak,treated,2025-02-01,2880,1731,8,34560,19299,0.601042,0.55842,True
offpeak,treated,2025-03-01,3024,1804,8,36256,19818,0.596561,0.546613,True
offpeak,treated,2025-04-01,3168,1894,8,38016,21024,0.597854,0.55303,True
offpeak,treated,2025-05-01,3158,1894,8,37870,21082,0.599747,0.556694,True
offpeak,treated,2025-06-01,2904,1731,8,34456,19042,0.596074,0.552647,True
offpeak,treated,2025-07-01,3497,2145,9,41508,23860,0.613383,0.574829,True
offpeak,treated,2025-08-01,3399,2099,9,40344,23276,0.617535,0.576938,True
offpeak,treated,2025-09-01,3564,2232,9,42353,24945,0.626263,0.588978,True
offpeak,treated,2025-10-01,3645,2278,9,43245,25140,0.624966,0.581339,True
offpeak,treated,2025-11-01,3222,1678,9,38304,18719,0.520795,0.488696,True
offpeak,treated,2025-12-01,3717,2120,9,44285,23620,0.570352,0.533363,True
offpeak,treated,2026-01-01,3555,2222,9,42579,24477,0.625035,0.574861,True
offpeak,treated,2026-02-01,3240,1936,9,38754,20311,0.597531,0.524101,True
offpeak,treated,2026-03-01,2856,971,9,34152,9905,0.339986,0.290027,True
offpeak,treated,2026-04-01,2574,1316,9,30744,13957,0.511267,0.453975,True
offpeak,treated,2026-05-01,2526,1377,9,30182,15869,0.545131,0.525777,True
weekend,control,2023-01-01,16160,14172,101,193004,167430,0.87698,0.867495,False
weekend,control,2023-02-01,19248,16281,101,230574,192688,0.845854,0.835688,False
weekend,control,2023-03-01,19052,16010,100,228617,189488,0.840332,0.828845,False
weekend,control,2023-04-01,23760,19822,99,284724,233978,0.834259,0.821771,False
weekend,control,2023-05-01,10692,8657,99,127540,101814,0.809671,0.798291,False
weekend,control,2023-06-01,14256,11531,99,170466,135199,0.808852,0.793114,False
weekend,control,2023-07-01,19083,14634,103,228045,171967,0.766861,0.754092,False
weekend,control,2023-08-01,20208,15590,106,242496,184504,0.771477,0.760854,False
weekend,control,2023-09-01,22896,17686,106,274730,209430,0.772449,0.762312,False
weekend,control,2023-10-01,22896,18412,106,274752,217706,0.804158,0.792373,False
weekend,control,2023-11-01,19526,15275,106,234090,179401,0.78229,0.766376,False
weekend,control,2023-12-01,23982,20327,101,287781,240830,0.847594,0.836852,False
weekend,control,2024-01-01,19200,16326,100,230400,193453,0.850312,0.83964,False
weekend,control,2024-02-01,9600,8070,100,115100,95386,0.840625,0.828723,False
weekend,control,2024-03-01,24139,19882,101,288658,235198,0.823646,0.814798,False
weekend,control,2024-04-01,19344,15905,101,231522,187820,0.822219,0.81124,False
weekend,control,2024-05-01,19104,15455,101,228935,182146,0.808993,0.795623,False
weekend,control,2024-06-01,23760,20619,99,284700,243471,0.867803,0.855184,False
weekend,control,2024-07-01,19008,16216,99,227851,190832,0.853114,0.83753,False
weekend,control,2024-08-01,18933,16213,100,226093,190840,0.856335,0.844077,False
weekend,control,2024-09-01,21600,18541,100,259200,217411,0.85838,0.838777,False
weekend,control,2024-10-01,19200,16247,100,230400,191949,0.846198,0.833112,False
weekend,control,2024-11-01,21500,18338,100,257694,215991,0.85293,0.838169,False
weekend,control,2024-12-01,19400,16571,100,229459,193718,0.854175,0.844238,False
weekend,control,2025-01-01,19200,16557,100,229871,195904,0.862344,0.852235,True
weekend,control,2025-02-01,19200,15609,100,230400,184265,0.812969,0.799761,True
weekend,control,2025-03-01,23900,19994,100,286798,235135,0.836569,0.819863,True
weekend,control,2025-04-01,19008,16369,99,228096,191814,0.861164,0.840935,True
weekend,control,2025-05-01,21384,18034,99,254505,207867,0.843341,0.81675,True
weekend,control,2025-06-01,21672,18649,101,257852,216210,0.860511,0.838504,True
weekend,control,2025-07-01,19488,16440,102,230410,188272,0.843596,0.817117,True
weekend,control,2025-08-01,24470,21304,102,291271,246905,0.870617,0.847681,True
weekend,control,2025-09-01,19584,17208,102,231264,198618,0.878676,0.858837,True
weekend,control,2025-10-01,19584,17218,102,233172,199578,0.879187,0.855926,True
weekend,control,2025-11-01,24378,20157,102,290802,234137,0.826852,0.805142,True
weekend,control,2025-12-01,19584,16013,102,234016,187600,0.817657,0.801655,True
weekend,control,2026-01-01,22032,18994,102,264384,220964,0.86211,0.835769,True
weekend,control,2026-02-01,19248,16025,102,230768,186647,0.832554,0.808808,True
weekend,control,2026-03-01,19954,15850,102,239437,184808,0.794327,0.771844,True
weekend,control,2026-04-01,9792,8413,102,117504,96924,0.859171,0.824857,True
weekend,control,2026-05-01,20788,17655,103,245925,205136,0.849288,0.83414,True
weekend,treated,2023-01-01,1440,1278,9,17199,14906,0.8875,0.866678,False
weekend,treated,2023-02-01,1728,1533,9,20700,17776,0.887153,0.858744,False
weekend,treated,2023-03-01,1719,1522,9,20628,17747,0.885398,0.860335,False
weekend,treated,2023-04-01,2160,1920,9,25884,22518,0.888889,0.869958,False
weekend,treated,2023-05-01,972,857,9,11596,9948,0.881687,0.857882,False
weekend,treated,2023-06-01,1296,1146,9,15498,13259,0.884259,0.85553,False
weekend,treated,2023-07-01,1701,1510,9,20328,17632,0.887713,0.867375,False
weekend,treated,2023-08-01,1728,1536,9,20736,18166,0.888889,0.876061,False
weekend,treated,2023-09-01,1944,1707,9,23326,20026,0.878086,0.858527,False
weekend,treated,2023-10-01,1944,1713,9,23328,20198,0.881173,0.865826,False
weekend,treated,2023-11-01,1719,1428,9,20608,16474,0.830716,0.799398,False
weekend,treated,2023-12-01,2160,1911,9,25920,22516,0.884722,0.868673,False
weekend,treated,2024-01-01,1728,1497,9,20736,17451,0.866319,0.84158,False
weekend,treated,2024-02-01,864,768,9,10359,9001,0.888889,0.868906,False
weekend,treated,2024-03-01,2151,1911,9,25722,22102,0.888424,0.859264,False
weekend,treated,2024-04-01,1728,1390,9,20682,16120,0.804398,0.779422,False
weekend,treated,2024-05-01,1728,1147,9,20702,13276,0.663773,0.641291,False
weekend,treated,2024-06-01,2160,1432,9,25884,16463,0.662963,0.63603,False
weekend,treated,2024-07-01,1728,1141,9,20708,13236,0.660301,0.639173,False
weekend,treated,2024-08-01,1719,1140,9,20529,13103,0.663176,0.638268,False
weekend,treated,2024-09-01,1944,1278,9,23328,14532,0.657407,0.622942,False
weekend,treated,2024-10-01,1728,1126,9,20736,12847,0.65162,0.619551,False
weekend,treated,2024-11-01,1935,1238,9,23200,14180,0.639793,0.611207,False
weekend,treated,2024-12-01,1746,1138,9,20657,12972,0.651775,0.627971,False
weekend,treated,2025-01-01,1584,1006,9,18967,11625,0.635101,0.612907,True
weekend,treated,2025-02-01,1536,959,8,18432,11125,0.624349,0.60357,True
weekend,treated,2025-03-01,1912,1186,8,22944,13217,0.620293,0.576055,True
weekend,treated,2025-04-01,1536,954,8,18432,10813,0.621094,0.586643,True
weekend,treated,2025-05-01,1728,1056,8,20570,11925,0.611111,0.579728,True
weekend,treated,2025-06-01,1728,1057,8,20560,11978,0.61169,0.582588,True
weekend,treated,2025-07-01,1632,1043,9,19300,11802,0.639093,0.611503,True
weekend,treated,2025-08-01,2160,1385,9,25713,15628,0.641204,0.607786,True
weekend,treated,2025-09-01,1728,1129,9,20407,12685,0.653356,0.6216,True
weekend,treated,2025-10-01,1728,1133,9,20574,12948,0.655671,0.629338,True
weekend,treated,2025-11-01,2151,1102,9,25659,12684,0.51232,0.494329,True
weekend,treated,2025-12-01,1728,1054,9,20584,11869,0.609954,0.576613,True
weekend,treated,2026-01-01,1944,1290,9,23328,14071,0.66358,0.603181,True
weekend,treated,2026-02-01,1728,1118,9,20718,12223,0.646991,0.58997,True
weekend,treated,2026-03-01,1647,679,9,19764,7167,0.412265,0.362629,True
weekend,treated,2026-04-01,864,480,9,10368,5356,0.555556,0.51659,True
weekend,treated,2026-05-01,1578,838,9,18669,9784,0.531052,0.524077,True
