link_id,link_name,borough,treatment_group,analysis_group,hold_out_reason,first_hour,last_hour,link_hours_present,link_hours_usable,months_reporting,availability
4456511,QMT E Manhattan Side - Toll Plaza,manhattan,boundary,boundary,geometry crosses the 60th St line,2023-01-01 00:00:00,2026-05-29 22:00:00,27281,24600,41,0.9017264763021884
4616324,12th ave @ 45th - 11 ave ganservoort st,manhattan,boundary,boundary,geometry crosses the 60th St line,2023-01-01 00:00:00,2026-05-31 23:00:00,28274,10265,41,0.36305439626511987
4616329,FDR N 25th - 63rd St,manhattan,boundary,boundary,geometry crosses the 60th St line,2023-01-01 00:00:00,2026-05-31 23:00:00,28274,27638,41,0.9775058357501591
4616332,FDR S 63rd - 25th St,manhattan,boundary,boundary,geometry crosses the 60th St line,2023-01-01 00:00:00,2026-05-31 23:00:00,28274,28071,41,0.992820258895098
4616346,Westside Hwy S GWB - 57th St,manhattan,boundary,boundary,geometry crosses the 60th St line,2023-01-01 00:00:00,2026-05-31 23:00:00,28274,0,41,0.0
4620343,Westside Hwy N 57th St - GWB,manhattan,boundary,boundary,geometry crosses the 60th St line,2023-01-01 00:00:00,2026-05-31 23:00:00,28228,0,41,0.0
4329483,WSE S TYRELLAN AVENUE - 440 S FRANCIS STREET,staten island,control,control,,2023-07-12 15:00:00,2023-11-06 10:00:00,2670,0,5,0.0
4329499,MLK N WALKER STREET - NJ ROUTE 169,staten island,control,control,,2023-01-01 00:00:00,2026-05-31 23:00:00,28228,13806,41,0.4890888479523877
4362244,CVE NB LIE - WILLETS PT BLVD,queens,control,control,,2023-01-01 00:00:00,2026-05-31 23:00:00,28250,27573,41,0.9760353982300884
4362247,CIP NB GCP - TNB,queens,control,control,,2023-01-01 00:00:00,2023-11-06 10:00:00,3450,3310,7,0.9594202898550724
4362249,LIE WB LITTLE NECK PKWY - NB CIP,queens,control,control,,2023-01-01 00:00:00,2026-05-31 23:00:00,28224,28087,41,0.9951459750566893
4362250,CVE NB GCP - WILLETS PT BLVD,queens,control,control,,2023-01-01 00:00:00,2026-05-31 23:00:00,28251,26978,41,0.9549396481540476
4362251,LIE WB LITTLE NECK PKWY - NB CVE,queens,control,control,,2023-01-01 00:00:00,2026-05-31 23:00:00,28250,28183,41,0.9976283185840708
4362252,CIP N LIE ramp - TNB,queens,control,control,,2023-01-01 00:00:00,2023-11-06 10:00:00,4385,4246,8,0.9683010262257696
4362314,TNB S Qns Anchorage - CIP S @ TNB,queens,control,control,,2023-01-01 00:00:00,2026-05-31 23:00:00,28249,26790,41,0.9483521540585508
4362342,LIE E 84TH ST - 108TH ST,queens,control,control,,2023-01-01 00:00:00,2026-05-31 23:00:00,28250,27498,41,0.9733805309734513
4456450,FDR N - TBB E 116TH STREET - MANHATTAN TRUSS,manhattan,control,control,,2023-01-01 00:00:00,2026-05-29 22:00:00,27281,26533,41,0.9725816502327628
4456452,TBB W - FDR S MANHATTAN TRUSS - E116TH STREET,manhattan,control,control,,2023-01-01 00:00:00,2026-05-31 23:00:00,28274,27552,41,0.974464172030841
4456476,TBB N QUEENS ANCHORAGE - MANHATTAN LIFT SPAN,queens,control,control,,2023-01-01 00:00:00,2026-05-29 22:00:00,27281,27211,41,0.9974341116527986
4456477,MDE S TBB EXIT RAMP - QUEENS ANCHORAGE,queens,control,control,,2023-01-01 00:00:00,2026-05-29 22:00:00,27281,27211,41,0.9974341116527986
4456478,BE S TBB EXIT RAMP - QUEENS ANCHORAGE,queens,control,control,,2023-01-01 00:00:00,2026-05-29 22:00:00,27281,27136,41,0.9946849455665115
4456479,BE S TBB EXIT RAMP - MANHATTAN LIFT SPAN,queens,control,control,,2023-01-01 00:00:00,2026-05-29 22:00:00,27281,27005,41,0.9898830688024632
4456481,TBB S MANHATTAN LIFT SPAN - QUEENS ANCHORAGE,queens,control,control,,2023-01-01 00:00:00,2026-05-29 22:00:00,27281,27212,41,0.9974707672006158
4456483,CIP N ramp to TNB - TNB Queens Anchorage,queens,control,control,,2023-01-01 00:00:00,2026-05-29 22:00:00,27281,23873,41,0.8750778930391114
4456496,BWB S Toll Plaza - Queens Anchorage,bronx,control,control,,2023-01-01 00:00:00,2026-05-29 22:00:00,27281,26732,41,0.979876104248378
4456497,BWB N Queens Anchorage - Toll Plaza,queens,control,control,,2023-01-01 00:00:00,2026-05-29 22:00:00,27281,26896,41,0.9858876140903926
4456498,HRP S Lafayette Ave - BWB S Toll Plaza,bronx,control,control,,2023-01-01 00:00:00,2026-05-29 22:00:00,27281,24663,41,0.9040357758146695
4456500,Whitestone Expwy N Exit 14 (Linden Pl) - BWB N Queens Anchorage,queens,control,control,,2023-01-01 00:00:00,2026-05-29 22:00:00,27281,26585,41,0.9744877387192552
4456505,TNB N Queens Anchorage - Toll Plaza,queens,control,control,,2023-01-01 00:00:00,2026-05-29 22:00:00,27281,25586,41,0.9378688464499102
4456506,TNB S Toll Plaza - Queens Anchorage,queens,control,control,,2023-01-01 00:00:00,2026-05-29 22:00:00,27281,26839,41,0.9837982478648143
4456510,QMT W Toll Plaza - Manhattan Side,queens,control,control,,2023-01-01 00:00:00,2026-05-29 22:00:00,26548,23803,41,0.8966023805936417
4575278,MDE N VAN CORTLAND PARK - NYST N EXIT 1 (MP.48),bronx,control,control,,2024-05-22 14:00:00,2026-05-31 23:00:00,14919,14334,23,0.960788256585562
4616192,SIE E CLOVE ROAD - FINGERBOARD ROAD,staten island,control,control,,2023-01-01 00:00:00,2026-05-31 23:00:00,28274,27218,41,0.9626511989813963
4616193,SIE E BRADLEY AVENUE - CLOVE ROAD,staten island,control,control,,2023-01-01 00:00:00,2026-05-31 23:00:00,28274,25587,41,0.9049656928627007
4616194,SIE E WOOLEY AVENUE - BRADLEY AVENUE,staten island,control,control,,2023-01-01 00:00:00,2026-05-31 23:00:00,28274,24125,41,0.853257409634293
4616195,SIE E RICHMOND AVENUE - WOOLEY AVENUE,staten island,control,control,,2023-01-01 00:00:00,2026-05-31 23:00:00,28274,27900,41,0.9867722996392445
4616196,MLK S - SIE E WALKER STREET - WOOLEY AVENUE,staten island,control,control,,2023-01-01 00:00:00,2026-05-31 23:00:00,27193,5921,41,0.21773985952267128
4616197,SIE E SOUTH AVENUE - RICHMOND AVENUE,staten island,control,control,,2023-01-01 00:00:00,2026-05-31 23:00:00,28274,28085,41,0.9933154134540567
4616198,WSE N-SIE E SOUTH AVENUE - SOUTH AVENUE,staten island,control,control,,2023-01-01 00:00:00,2026-05-31 23:00:00,28274,24082,41,0.851736577774634
4616199,SIE W - WSE S SOUTH AVENUE - SOUTH AVENUE,staten island,control,control,,2023-01-01 00:00:00,2026-05-31 23:00:00,28274,24082,41,0.851736577774634
4616200,WSE S SOUTH AVENUE - VICTORY BOULEVARD,staten island,control,control,,2023-01-01 00:00:00,2026-05-31 23:00:00,28274,19455,41,0.6880879960387636
4616201,WSE S VICTORY BOULEVARD - ARDEN AVENUE,staten island,control,control,,2023-01-01 00:00:00,2026-05-31 23:00:00,28274,16802,41,0.5942562071160784
4616202,WSE S ARDEN AVENUE - BLOOMINGDALE ROAD,staten island,control,control,,2023-01-01 00:00:00,2026-05-31 23:00:00,28274,16738,41,0.5919926434179812
4616203,WSE S BLLOMINGDALE ROAD - TYRELLAN AVENUE,staten island,control,control,,2023-01-01 00:00:00,2026-05-31 23:00:00,28274,93,41,0.003289240998797482
4616204,VNB W-SIE W SI GANTRY UPPER LEVEL - FINGERBOARD ROAD,staten island,control,control,,2023-07-12 15:00:00,2023-10-16 13:00:00,2,0,2,0.0
4616205,VNB W-SIE W SI GANTRY LOWER LEVEL - FINGERBOARD ROAD,staten island,control,control,,2023-07-12 15:00:00,2023-10-16 13:00:00,2,0,2,0.0
4616206,SIE W FINGERBOARD ROAD - CLOVE ROAD,staten island,control,control,,2023-01-01 00:00:00,2026-05-31 23:00:00,28274,28234,41,0.9985852726886892
4616208,SIE W BRADLEY AVENUE - WOOLEY AVENUE,staten island,control,control,,2023-01-01 00:00:00,2026-05-31 23:00:00,28274,28247,41,0.9990450590648653
4616209,SIE W WOOLEY AVENUE - RICHMOND AVENUE,staten island,control,control,,2023-01-01 00:00:00,2026-05-31 23:00:00,28274,27771,41,0.9822098040602674
4616210,MLK S - SIE W WALKER STREET - RICHMOND AVENUE,staten island,control,control,,2023-01-01 00:00:00,2026-05-31 23:00:00,28274,26187,41,0.9261866025323618
4616211,SIE W RICHMOND AVENUE - SOUTH AVENUE,staten island,control,control,,2023-01-01 00:00:00,2026-05-31 23:00:00,28274,27778,41,0.9824573813397468
4616212,WSE N VICTORY BLVD - SOUTH AVENUE,staten island,control,control,,2023-01-01 00:00:00,2026-05-31 23:00:00,28205,19450,41,0.6895940436092891
4616213,WSE N ARDEN AVENUE - VICTORY BLVD,staten island,control,control,,2023-01-01 00:00:00,2026-05-31 23:00:00,28274,16801,41,0.5942208389332956
4616214,WSE N BLOOMUINGDALE ROAD - ARDEN AVENUE,staten island,control,control,,2023-01-01 00:00:00,2026-05-31 23:00:00,28274,16751,41,0.5924524297941571
4616215,WSE N TYRELLAN AVENUE - BLOOMINGDALE ROAD,staten island,control,control,,2023-01-01 00:00:00,2026-05-31 23:00:00,28274,93,41,0.003289240998797482
4616216,SIE E-MLK N RICHMOND AVENUE - WALKER STREET,staten island,control,control,,2023-01-01 00:00:00,2026-05-31 23:00:00,28274,3971,41,0.1404470538303742
4616217,SIE W - MLK N WOOLEY AVENUE - WLAKER STREET,staten island,control,control,,2023-01-01 00:00:00,2026-05-31 23:00:00,28274,6392,41,0.22607342434745703
4616218,VNB E-GOWANUS N BROOKLYN GANTRY LOWER LEVEL - 92ND STREET,brooklyn,control,control,,2023-07-12 15:00:00,2023-10-16 13:00:00,2,0,2,0.0
4616219,VNB E-GOWANUS N BROOKLYN GANTRY UPPER LEVEL - 92ND STREET,brooklyn,control,control,,2023-07-12 15:00:00,2023-10-16 13:00:00,2,0,2,0.0
4616220,GOW N 92ND STREET - 7TH AVENUE,brooklyn,control,control,,2023-01-01 00:00:00,2026-05-31 23:00:00,28274,28240,41,0.9987974817853859
4616223,GOW N 9TH STREET - ATLANTIC AVENUE,brooklyn,control,control,,2023-01-01 00:00:00,2026-05-31 23:00:00,25755,25701,40,0.997903319743739
4616225,TBB N QUEENS ANCHORAGE - BE N,queens,control,control,,2023-01-01 00:00:00,2026-05-29 22:00:00,27281,27213,41,0.997507422748433
4616226,GOW S 7TH AVENUE - 92ND STREET,brooklyn,control,control,,2023-01-01 00:00:00,2026-05-31 23:00:00,28274,28240,41,0.9987974817853859
4616228,I-87 NYST S Exit 1 - MDE S Van Cortlandt Park,bronx,control,control,,2023-01-01 00:00:00,2026-05-31 23:00:00,28274,27355,41,0.9674966400226357
4616229,BQE S - GOW S ALTANTIC AVENUE - 9TH STREET,brooklyn,control,control,,2023-01-01 00:00:00,2026-05-31 23:00:00,28274,28253,41,0.9992572681615619
4616232,BQE S 46TH STREET - LEONARD STREET,brooklyn,control,control,,2023-01-01 00:00:00,2024-05-08 17:00:00,10683,10679,17,0.9996255733408219
4616235,BQE N LEONARD STREET - 46TH STREET,brooklyn,control,control,,2023-01-01 00:00:00,2024-05-08 17:00:00,10683,10583,17,0.9906393335205467
4616239,Whitestone Expwy S Exit 14 (Linden Pl) - VWE S MP8.65 (Exit 13 Northern Blvd),queens,control,control,,2023-01-01 00:00:00,2026-05-31 23:00:00,28274,28237,41,0.9986913772370376
4616241,VWE S MP8.65 (Exit 13 Northern Blvd) - MP6.39 (Exit 11 Jewel Ave),queens,control,control,,2023-01-01 00:00:00,2026-05-31 23:00:00,28274,28253,41,0.9992572681615619
4616246,BE N STRATFORD AVENUE - CASTLE HILL AVE,bronx,control,control,,2023-01-01 00:00:00,2026-05-31 23:00:00,28274,28231,41,0.998479168140341
4616247,BE N Castle Hill Avenue - Griswold Ave,bronx,control,control,,2023-01-01 00:00:00,2026-05-31 23:00:00,28274,28220,41,0.9980901181297305
4616250,HRP N LAFAYETTE AVENUE - E TREMONT AVENUE,bronx,control,control,,2023-01-01 00:00:00,2026-05-31 23:00:00,28274,27600,41,0.9761618448044139
4616252,BRP N WATSON AVENUE - FORDHAM ROAD,bronx,control,control,,2023-01-01 00:00:00,2026-05-31 23:00:00,28274,27901,41,0.9868076678220273
4616253,CBE E TAYLOR AVENUE - CASTLE HILL AVENUE,bronx,control,control,,2023-01-01 00:00:00,2026-05-31 23:00:00,27904,27805,41,0.996452121559633
4616255,MDE N RFK Bridge - 142nd St,bronx,control,control,,2023-01-01 00:00:00,2026-05-31 23:00:00,28274,0,41,0.0
4616257,BQE N ATLANTIC AVENUE - LEONARD STREET,brooklyn,control,control,,2023-01-01 00:00:00,2026-05-31 23:00:00,28274,18441,41,0.6522246586970362
4616259,VWE S MP6.39 (Exit 11 Jewel Ave) - MP4.63 (Exit 6 Jamaica Ave),queens,control,control,,2023-01-01 00:00:00,2026-05-31 23:00:00,28274,28049,41,0.992042158873877
4616260,BE S CASTLE HILL AVENUE - STRATFORD AVENUE,bronx,control,control,,2023-01-01 00:00:00,2026-05-31 23:00:00,28274,28238,41,0.9987267454198203
4616261,BE S Griswold - Castle Hill Avenue,bronx,control,control,,2023-01-01 00:00:00,2026-05-31 23:00:00,28274,28155,41,0.9957911862488505
4616266,BRP S FORDHAM ROAD - WATSON AVENUE,bronx,control,control,,2023-01-01 00:00:00,2026-05-31 23:00:00,28274,6001,41,0.2122444648793945
4616267,CBE W CASTLE HILL AVENUE - TAYLOR AVENUE,bronx,control,control,,2023-01-01 00:00:00,2026-05-31 23:00:00,28274,28248,41,0.999080427247648
4616271,BQE S LEONARD STREET - ATLANTIC AVENUE,brooklyn,control,control,,2023-01-01 00:00:00,2026-05-31 23:00:00,26664,26640,40,0.9990999099909991
4616272,VWE S MP4.63 (Exit 6 Jamaica Ave) - MP2.66 (Exit 2 Roackaway Blvd),queens,control,control,,2023-01-01 00:00:00,2026-05-31 23:00:00,28274,28086,41,0.9933507816368395
4616276,VWE S MP2.66 (Exit 2 Rockaway Blvd) - Belt Pkwy E 182nd St,queens,control,control,,2023-01-01 00:00:00,2026-05-31 23:00:00,28274,27880,41,0.9860649359835891
4616281,440 N FRANCIS STREET - WSE N TYRELLAN AVE,staten island,control,control,,2023-07-12 15:00:00,2023-11-06 10:00:00,2673,0,5,0.0
4616282,ROUTE 169 S - MLK WALKER STREET,staten island,control,control,,2023-01-01 00:00:00,2026-05-31 23:00:00,28274,9555,41,0.33794298648935417
4616297,CBE E CASTLE HILL AVE - BE N WATERBURY AVE,bronx,control,control,,2023-01-01 00:00:00,2026-05-31 23:00:00,28274,28182,41,0.9967461271839853
4616298,VWE N MP4.63 (Exit 6 - Jamaica Ave) - MP6.39 (Exit 11 Jewel Ave),queens,control,control,,2023-01-01 00:00:00,2026-05-31 23:00:00,28274,28012,41,0.9907335361109146
4616299,VWE N MP6.39 (Exit 11 Jewel Ave) - MP8.65 (Exit 13 Northern Blvd),queens,control,control,,2023-01-01 00:00:00,2026-05-31 23:00:00,28274,28249,41,0.9991157954304308
4616300,VWE N MP8.64 (Exit 13 Northern Blvd) - Whitestone Expwy Exit 14 (Linden Pl),queens,control,control,,2023-01-01 00:00:00,2026-05-31 23:00:00,28274,28258,41,0.9994341090754757
4616305,BWB N Toll Plaza - HRP N Lafayatte Ave,bronx,control,control,,2023-01-01 00:00:00,2026-05-31 23:00:00,28274,26734,41,0.9455329985145363
4616309,CBE E AMSTERDAM AVE(U/LVL) - MORRIS AVE,bronx,control,control,,2023-01-01 00:00:00,2026-05-31 23:00:00,28274,27948,41,0.9884699724128174
4616310,CBE AMSTERDAM AVE (L/LVL) - MORRIS AVE,bronx,control,control,,2023-01-01 00:00:00,2026-05-31 23:00:00,28274,27958,41,0.9888236542406451
4616312,BWB S Queens Anchorage - WSE S Exit 14 (Linden Pl),queens,control,control,,2023-01-01 00:00:00,2026-05-31 23:00:00,28274,27135,41,0.9597156398104265
4616318,GOW N 7TH AVENUE - 9TH STREET,brooklyn,control,control,,2023-07-12 15:00:00,2026-05-31 23:00:00,10449,10439,18,0.999042970619198
4616319,GOW S 9TH STREET - 7TH AVENUE,brooklyn,control,control,,2023-07-12 15:00:00,2026-05-31 23:00:00,8268,8259,14,0.9989114658925979
4616320,CIP N TNB - Whitestone Expwy S Exit 14 (Linden Pl),queens,control,control,,2023-01-01 00:00:00,2026-05-31 23:00:00,28274,28232,41,0.9985145363231237
4616337,11th ave n ganservoort - 12th ave @ 40th st,manhattan,control,control,,2023-01-01 00:00:00,2026-05-31 23:00:00,28274,10287,41,0.3638324962863408
4616350,CIP S LIE - Hempstead Tpk,queens,control,control,,2023-01-01 00:00:00,2026-05-31 21:00:00,28273,28231,41,0.9985144837831146
4616351,CIP N Hempstead Tpk - LIE,queens,control,control,,2023-01-01 00:00:00,2026-05-31 21:00:00,28273,27964,41,0.9890708449757719
4616352,CIP S Hempstead Tpk - Laurelton Pkwy @ SSP,queens,control,control,,2023-01-01 00:00:00,2026-05-31 23:00:00,28274,27907,41,0.987019876918724
4616353,Laurelton Pkwy N @ SSP - CIP N Hempstead Tpk,queens,control,control,,2023-01-01 00:00:00,2026-05-31 23:00:00,28274,28140,41,0.995260663507109
4616354,Laurelton Pkwy S @ SSP - Belt Pkwy W 182nd St,queens,control,control,,2023-01-01 00:00:00,2026-05-31 23:00:00,28274,27849,41,0.9849685223173233
4616355,Belt Pkwy E 182nd St - Laurelton Pkwy N @ SSP,queens,control,control,,2023-01-01 00:00:00,2026-05-31 23:00:00,28274,27896,41,0.9866308269081134
4616356,Belt Pkwy W 182nd St - JFK Expressway,queens,control,control,,2023-01-01 00:00:00,2026-05-31 23:00:00,28274,27785,41,0.9827049586192261
4616357,Belt Pkwy W JFK Expressway - VWE N Jamaica Ave,queens,control,control,,2023-01-01 00:00:00,2026-05-31 23:00:00,28274,28030,41,0.9913701634010045
4616364,LIE W 108TH ST - 84TH ST,queens,control,control,,2023-01-01 00:00:00,2026-05-31 23:00:00,28274,28030,41,0.9913701634010045
4620298,GWB E LOWER LEVEL PLAZA - CBE E LOWER LEVEL AMSTERDAM AVE,manhattan,control,control,,2023-01-01 00:00:00,2026-05-31 23:00:00,28230,27468,41,0.9730074388947928
4620310,CBE W U/LEV AMSTERDAM AVE - I95 S EXP LNS,bronx,control,control,,2023-01-01 00:00:00,2026-05-31 23:00:00,28228,26457,41,0.9372608757262293
4620314,MDE S HARLEM RIVER PARK - GWB W AMSTERDAM AVENUE UPPER LEVEL,bronx,control,control,,2023-01-01 00:00:00,2026-05-31 23:00:00,28230,27492,41,0.9738575982996812
4620315,CBE W L/LE V AMSTERDAM AVE - I 95 S LOC LNS,bronx,control,control,,2023-01-01 00:00:00,2026-05-31 23:00:00,28228,24356,41,0.8628312314014454
4620330,MDE S HARLEM RIVER PARK - GWB W AMSTERDAM AVENUE LOWER LEVEL,bronx,control,control,,2023-01-01 00:00:00,2026-05-31 23:00:00,28230,27495,41,0.9739638682252922
4620331,CBE W MORRIS AVE - GWB W AMSTERDAM AVE (U/LVL),bronx,control,control,,2023-01-01 00:00:00,2026-05-31 23:00:00,28058,27300,41,0.9729845320407727
4620332,CBE W MORRIS AVE - GWB W AMSTERDAM AVE (L/LVL),bronx,control,control,,2023-01-01 00:00:00,2026-05-31 23:00:00,28230,27476,41,0.9732908253630889
4763648,SIE E VNB E FINGERBOARD ROAD - SI GANTRY UPPER LEVEL,staten island,control,control,,2023-07-12 15:00:00,2023-10-16 13:00:00,2,0,2,0.0
4763649,VNB W BROOKLYN GANTRY UPPER LEVEL - SI GANTRY UPPER LEVEL,brooklyn,control,control,,2023-01-01 00:00:00,2026-05-29 22:00:00,27281,0,41,0.0
4763650,SIE E VNB E FINGERBOARD ROAD - SI GANTRY LOWER LEVEL,staten island,control,control,,2023-07-12 15:00:00,2026-05-29 22:00:00,219,0,4,0.0
4763651,VNB W BROOKLYN GANTRY LOWER LEVEL - SI GANTRY LOWER LEVEL,brooklyn,control,control,,2023-07-12 15:00:00,2023-10-16 13:00:00,2,0,2,0.0
4763652,VNB E SI GANTRY UPPER LEVEL - BROOKLYN GANTRY UPPER LEVEL,brooklyn,control,control,,2023-01-01 00:00:00,2026-05-29 22:00:00,27281,0,41,0.0
4763655,GOW S VNB W 92ND STREET - BKLYN GANTRY UPPER LEVEL,brooklyn,control,control,,2023-07-12 15:00:00,2026-05-29 22:00:00,22746,0,35,0.0
4763656,VNB E SI GANTRY LOWER LEVEL - BROOLKYN GANTRY LOWER LEVEL,brooklyn,control,control,,2023-07-12 15:00:00,2023-10-16 13:00:00,2,0,2,0.0
4763657,GOW S VNB W 92ND STREET - BKLYN GANTRY LOWER LEVEL,brooklyn,control,control,,2023-07-12 15:00:00,2026-05-29 22:00:00,22746,0,35,0.0
4329472,LINCOLN TUNNEL E SOUTH TUBE - NJ - NY,manhattan,crossing,crossing,"measures the queue to enter the zone, a different behaviour",2023-01-01 00:00:00,2026-05-31 23:00:00,28228,21526,41,0.7625761655094233
4329473,LINCOLN TUNNEL E CENTER TUBE NJ - NY,manhattan,crossing,crossing,"measures the queue to enter the zone, a different behaviour",2023-01-01 00:00:00,2026-05-31 23:00:00,28228,14481,41,0.5130012753294602
4329507,LINCOLN TUNNEL W NORTH TUBE NY - NJ,manhattan,crossing,crossing,"measures the queue to enter the zone, a different behaviour",2023-01-01 00:00:00,2026-05-31 23:00:00,28186,27810,41,0.986660043993472
4329508,LINCOLN TUNNEL W CENTER TUBE NY - NJ,manhattan,crossing,crossing,"measures the queue to enter the zone, a different behaviour",2023-01-01 00:00:00,2026-05-31 23:00:00,28228,11748,41,0.41618251381606913
4616342,BKN Bridge Manhattan Side - FDR N Catherine Slip,manhattan,crossing,crossing,"measures the queue to enter the zone, a different behaviour",2023-01-01 00:00:00,2026-05-31 23:00:00,28274,28070,41,0.9927848907123152
4616339,BQE N Atlantic Ave - BKN Bridge Manhattan Side,manhattan,treated,held_out_geo,"borough label says Manhattan, geometry is in Brooklyn",2023-01-01 00:00:00,2026-05-31 23:00:00,28274,26167,41,0.9254792388767065
4616340,BQE N Atlantic Ave - MAN Bridge Manhattan Side,manhattan,treated,held_out_geo,"borough label says Manhattan, geometry is in Brooklyn",2023-01-01 00:00:00,2026-05-31 23:00:00,28274,23135,41,0.818242908679352
4456494,West St S Spring St - BBT Manhattan Portal outbound,manhattan,exempt_in_zone,treated_exempt,,2023-01-01 00:00:00,2026-05-29 22:00:00,22695,20109,36,0.8860541969596828
4456501,BBT W Toll Plaza - Manhattan Portal,manhattan,exempt_in_zone,treated_exempt,,2023-01-01 00:00:00,2026-05-29 22:00:00,27281,25297,41,0.9272753931307504
4456502,BBT E Manhattan Portal - Toll Plaza,manhattan,exempt_in_zone,treated_exempt,,2023-01-01 00:00:00,2026-05-29 22:00:00,27281,25936,41,0.950698288185917
4616323,12th Ave S 57th St - 45th St,manhattan,exempt_in_zone,treated_exempt,,2023-01-01 00:00:00,2026-05-31 23:00:00,28274,10113,41,0.35767843248213904
4616325,11th ave s ganservoort - west st @ spring st,manhattan,exempt_in_zone,treated_exempt,,2023-01-01 00:00:00,2026-05-31 23:00:00,28274,0,41,0.0
4616328,FDR N Catherine Slip - 25th St,manhattan,exempt_in_zone,treated_exempt,,2023-01-01 00:00:00,2026-05-31 23:00:00,28274,28170,41,0.996321708990592
4616333,FDR S 25th St - Catherine Slip,manhattan,exempt_in_zone,treated_exempt,,2023-01-01 00:00:00,2026-05-31 23:00:00,28274,27705,41,0.9798755039966046
4616338,12th Ave N 40th - 57th St,manhattan,exempt_in_zone,treated_exempt,,2023-01-01 00:00:00,2026-05-31 23:00:00,28274,10284,41,0.3637263917379925
4616341,FDR S Catherine Slip - BKN Bridge Manhattan Side,manhattan,exempt_in_zone,treated_exempt,,2023-01-01 00:00:00,2026-05-31 23:00:00,28274,26718,41,0.944967107590012
