boundary_hour,tau,se,pct_change,n_obs,n_dates,bandwidth_min,poly_order,sample,is_toll_boundary,is_placebo
0,-0.15988527695786178,0.008075712684311922,-14.775844489807225,2610,435,30,1,weekday,False,False
1,-0.006592481498407543,0.003208850892623207,-0.6570798766089523,2610,435,30,1,weekday,False,True
2,0.0014326479721972069,0.003301972264843479,0.14336747025591745,2610,435,30,1,weekday,False,True
3,-0.009290508933979253,0.0036250517523217403,-0.924748549548864,2610,435,30,1,weekday,False,True
4,-0.0032464562101123073,0.003406877154758309,-0.3241192169183791,2610,435,30,1,weekday,False,True
5,-0.5180037654096675,0.0054852117674300494,-40.429146419058156,2610,435,30,1,weekday,True,False
6,-0.09406498022677989,0.00212882349190203,-8.977638621779635,2610,435,30,1,weekday,False,True
7,-0.05890544232149996,0.0018199812327542473,-5.720408646472618,2610,435,30,1,weekday,False,True
8,-0.021079118302066463,0.0023699434621716827,-2.0858506507637977,2610,435,30,1,weekday,False,True
9,-0.029047114302112185,0.0025497736711562005,-2.862930206404126,2610,435,30,1,weekday,False,True
10,-0.03956731935219324,0.002326756356387866,-3.879475590184881,2610,435,30,1,weekday,False,True
11,-0.02513452106557239,0.002279901765087964,-2.482127887612873,2610,435,30,1,weekday,False,True
12,-0.020997946182634626,0.0023557247622089323,-2.077902429156122,2610,435,30,1,weekday,False,True
13,-0.013833288037517766,0.0022926336277712574,-1.3738047776329005,2610,435,30,1,weekday,False,True
14,-0.011676563750760262,0.0021850785307498135,-1.1608657242120568,2610,435,30,1,weekday,False,True
15,-0.013830625533211386,0.002035801598768314,-1.3735421846138218,2610,435,30,1,weekday,False,True
16,-0.018492862021157293,0.0018867833477933858,-1.8322918242977093,2610,435,30,1,weekday,False,True
17,-0.007208459234930823,0.0019041974953430939,-0.7182540607841512,2610,435,30,1,weekday,False,True
18,-0.0042425024585920025,0.001814701328685056,-0.4233515758227673,2610,435,30,1,weekday,False,True
19,-0.024708699640371142,0.002005533627981834,-2.4405938459125607,2610,435,30,1,weekday,False,True
20,-0.023568479778021026,0.0020109412960037853,-2.3292912305889493,2610,435,30,1,weekday,False,True
21,0.11570493907832054,0.0025036869852740552,12.26645688159156,2610,435,30,1,weekday,True,False
22,-0.0229228059370879,0.0025105194068055516,-2.266207445327786,2610,435,30,1,weekday,False,True
23,-0.04729453756690827,0.0027162260925706256,-4.619357560972035,2610,435,30,1,weekday,False,True
0,0.16209233042073723,0.032308970021744036,17.596881400401266,1044,174,30,1,weekend,False,False
1,-0.011614752870372776,0.005161340336782771,-1.1547562014901895,1044,174,30,1,weekend,False,True
2,-0.10112527876447325,0.06123330497826963,-9.618020363444863,1044,174,30,1,weekend,False,True
3,0.0802418195323583,0.061597218347461444,8.354905932314574,1044,174,30,1,weekend,False,True
4,0.009592640583184849,0.004555494768741504,0.9638797430490329,1044,174,30,1,weekend,False,True
5,-0.08568201352941464,0.004183640714989043,-8.211393983246436,1044,174,30,1,weekend,False,True
6,-0.05186440072978458,0.0042164912199529,-5.0542396127445715,1044,174,30,1,weekend,False,True
7,-0.09708294676813291,0.004368787090634334,-9.251926958235389,1044,174,30,1,weekend,False,True
8,-0.055807464959238565,0.003447189042750267,-5.427879716696286,1044,174,30,1,weekend,False,True
9,-0.14128419637471795,0.0039847234410689165,-13.175747474663044,1044,174,30,1,weekend,True,False
10,-0.04009295817937111,0.0033821944552661232,-3.9299869933630056,1044,174,30,1,weekend,False,True
11,-0.03395882265774893,0.002894083850543176,-3.3388693697378993,1044,174,30,1,weekend,False,True
12,-0.03053531593971858,0.002559582571962051,-3.0073822392069993,1044,174,30,1,weekend,False,True
13,-0.015142480534941102,0.002429071314496605,-1.5028409674311356,1044,174,30,1,weekend,False,True
14,0.0017327090238057998,0.0025820992886295803,0.1734211031475193,1044,174,30,1,weekend,False,True
15,-0.006733242574273265,0.002502322441613688,-0.6710625087969009,1044,174,30,1,weekend,False,True
16,-0.006758285307236727,0.0026371222749849254,-0.6735499457077982,1044,174,30,1,weekend,False,True
17,-0.004928114610222796,0.0026112483920724626,-0.4915991376488033,1044,174,30,1,weekend,False,True
18,-0.003406254523065287,0.002529594253127181,-0.3400459819406356,1044,174,30,1,weekend,False,True
19,-0.020821698915955058,0.0025277089418088462,-2.0606424061404702,1044,174,30,1,weekend,False,True
20,-0.012831069519810964,0.003223870475960166,-1.2749102297543053,1044,174,30,1,weekend,False,True
21,0.0886021265048672,0.004267848262880232,9.264583501280962,1044,174,30,1,weekend,True,False
22,-0.005264098087861988,0.0030219562600745085,-0.5250267003560116,1044,174,30,1,weekend,False,True
23,-0.030047846167668618,0.003923532666401147,-2.960089744042195,1044,174,30,1,weekend,False,True
0,-0.23831026149293047,0.010617671362473428,-21.204181991676315,2610,435,30,2,weekday,False,False
1,-0.0035799648844371066,0.0072589984461283955,-0.3573564450204841,2610,435,30,2,weekday,False,True
2,-0.01194161604761929,0.008425364666760434,-1.1870597922191175,2610,435,30,2,weekday,False,True
3,0.010127584181658888,0.009328286383634494,1.0179041729178158,2610,435,30,2,weekday,False,True
4,0.039972912882499816,0.00875175476158529,4.078258201047641,2610,435,30,2,weekday,False,True
5,-0.20116371929071075,0.010557108528258278,-18.222146552823137,2610,435,30,2,weekday,True,False
6,0.05093437583542654,0.0049030309872208555,5.225383773835167,2610,435,30,2,weekday,False,True
7,0.027972159077338854,0.004995343712880944,2.836705333526979,2610,435,30,2,weekday,False,True
8,0.01013689466554269,0.0037726709154117135,1.0188447028649812,2610,435,30,2,weekday,False,True
9,0.003037595468386346,0.0036185968541811403,0.30422136363592617,2610,435,30,2,weekday,False,True
10,-0.01768176120062643,0.0038565206268227573,-1.7526356154056153,2610,435,30,2,weekday,False,True
11,-0.02102538789291107,0.0041591626239996975,-2.080589542117667,2610,435,30,2,weekday,False,True
12,-0.010588445446357607,0.004338456410291053,-1.0532585189476504,2610,435,30,2,weekday,False,True
13,-0.03044943866958499,0.004265627417595765,-2.999052420304657,2610,435,30,2,weekday,False,True
14,-0.01919054946918384,0.004180308368193163,-1.9007583152104965,2610,435,30,2,weekday,False,True
15,0.0051407777931610195,0.0036457153133452463,0.515401426351775,2610,435,30,2,weekday,False,True
16,-0.016136240239079475,0.0035844529957605588,-1.6006748553106853,2610,435,30,2,weekday,False,True
17,-0.036701726758663164,0.0036559606489545565,-3.6036382974542667,2610,435,30,2,weekday,False,True
18,-0.02690230453576615,0.0039605137311545914,-2.654366085207765,2610,435,30,2,weekday,False,True
19,-0.02288509396350743,0.0039342126513566755,-2.2625216416260154,2610,435,30,2,weekday,False,True
20,-0.03462391706822043,0.0042531380653187695,-3.4031367731155004,2610,435,30,2,weekday,False,True
21,0.10135462209504204,0.004577897125537083,10.666902147296701,2610,435,30,2,weekday,True,False
22,-0.005369445084835402,0.004685034992924827,-0.5355055381004045,2610,435,30,2,weekday,False,True
23,-0.015218376982102967,0.005360932722873181,-1.5103162681792726,2610,435,30,2,weekday,False,True
0,0.07517232747687969,0.035228698096930515,7.806991594647457,1044,174,30,2,weekend,False,False
1,-0.01911363006591985,0.008234189040444656,-1.8932122898652897,1044,174,30,2,weekend,False,True
2,-0.13103577711011438,0.061831332173539706,-12.281360936445173,1044,174,30,2,weekend,False,True
3,0.05863405802074291,0.06261176244119498,6.038712956643229,1044,174,30,2,weekend,False,True
4,0.011805543615183822,0.011709879848505458,1.1875504081261234,1044,174,30,2,weekend,False,True
5,0.0229356991884292,0.010821975623391435,2.3200744793622037,1044,174,30,2,weekend,False,True
6,0.06287875505762089,0.008995715433610387,6.489771794136051,1044,174,30,2,weekend,False,True
7,0.09604738087095549,0.01011897738635885,10.081122015273545,1044,174,30,2,weekend,False,True
8,0.04371510097073999,0.007680217491774006,4.468468283519517,1044,174,30,2,weekend,False,True
9,-0.007683085522841694,0.006710724617964567,-0.7653646064804956,1044,174,30,2,weekend,True,False
10,0.038545392475854416,0.008166692085043198,3.929790359226995,1044,174,30,2,weekend,False,True
11,0.010250318002327194,0.007188018466290649,1.0303032471301736,1044,174,30,2,weekend,False,True
12,-4.2464069760831455e-05,0.005713798090310988,-0.004246316817498284,1044,174,30,2,weekend,False,True
13,-0.007196237534698068,0.005731657903944407,-0.7170406616318123,1044,174,30,2,weekend,False,True
14,-0.008061642097057274,0.006290506949113598,-0.8029234205820688,1044,174,30,2,weekend,False,True
15,0.014589035930018987,0.005723793566528071,1.4695975329419164,1044,174,30,2,weekend,False,True
16,0.0008830744727690727,0.0068696297752976875,0.08834644978299101,1044,174,30,2,weekend,False,True
17,-0.004389256021548017,0.005825687283065671,-0.4379637315470515,1044,174,30,2,weekend,False,True
18,0.005248509017863184,0.005823551947407689,0.5262306569615302,1044,174,30,2,weekend,False,True
19,-0.008141356513587909,0.0056973405895696955,-0.8108305425031496,1044,174,30,2,weekend,False,True
20,-0.01823332425188379,0.006316379421391658,-1.8068102897358125,1044,174,30,2,weekend,False,True
21,0.085950969540422,0.00793334004525903,8.9752895909919,1044,174,30,2,weekend,True,False
22,-0.008697363475133758,0.00702495508950926,-0.8659650822171426,1044,174,30,2,weekend,False,True
23,0.0013156482975730914,0.008113983938929847,0.13165141424686977,1044,174,30,2,weekend,False,True
0,-0.13998622525376206,0.007653592360146344,-13.06297893296337,5220,435,60,1,weekday,False,False
1,0.009318950093508867,0.0027692335322508643,0.9362506704422426,5220,435,60,1,weekday,False,True
2,-0.021098477940860883,0.002541158460970751,-2.087746214979283,5220,435,60,1,weekday,False,True
3,-0.02278911205677266,0.002417593776174695,-2.253140161874776,5220,435,60,1,weekday,False,True
4,0.01780795556664999,0.0023228364231862846,1.7967462632200317,5220,435,60,1,weekday,False,True
5,-0.5138093622584909,0.004584371626572535,-40.17875749412339,5220,435,60,1,weekday,True,False
6,-0.13873014145464319,0.0020494278801120426,-12.953710138242549,5220,435,60,1,weekday,False,True
7,-0.11606829899235853,0.001977624275730103,-10.958559318612295,5220,435,60,1,weekday,False,True
8,-0.03486815779759958,0.0015244701882916576,-3.4267267805081985,5220,435,60,1,weekday,False,True
9,-0.03970359028738513,0.001722097895357165,-3.89257313150997,5220,435,60,1,weekday,False,True
10,-0.041010036990026755,0.0017630901418885082,-4.018050379925876,5220,435,60,1,weekday,False,True
11,-0.020169524211202442,0.0018642698265765906,-1.9967480016255277,5220,435,60,1,weekday,False,True
12,-0.021013928946294034,0.0019068797234996027,-2.0794674823916592,5220,435,60,1,weekday,False,True
13,-0.013225577328088264,0.0017891216913582197,-1.3138503669424146,5220,435,60,1,weekday,False,True
14,-0.0018263756322713267,0.001598662277167717,-0.18247088231905018,5220,435,60,1,weekday,False,True
15,-0.015989339498093735,0.0014609292757970314,-1.5862188597622013,5220,435,60,1,weekday,False,True
16,-0.02021523505048161,0.0014332757833379942,-2.0012277101400633,5220,435,60,1,weekday,False,True
17,-0.010022651779464098,0.0015727191434101522,-0.9972592387327592,5220,435,60,1,weekday,False,True
18,0.0009940628805706815,0.0015652599919748474,0.09945571248323366,5220,435,60,1,weekday,False,True
19,-0.029550336047373536,0.0020346138798504783,-2.911799395144739,5220,435,60,1,weekday,False,True
20,-0.03176275409884584,0.0019101355422563315,-3.126361644531211,5220,435,60,1,weekday,False,True
21,0.12162073466580833,0.0022885928080671747,12.932570645623557,5220,435,60,1,weekday,True,False
22,-0.0007066019028519859,0.002070704294957684,-0.07063523185164791,5220,435,60,1,weekday,False,True
23,-0.10361323889947284,0.0025275700159088184,-9.842607627774148,5220,435,60,1,weekday,False,True
0,0.19767196579884586,0.03200482819698379,21.856259804347793,2088,174,60,1,weekend,False,False
1,-0.0018269046997534686,0.004979222230115138,-0.182523692513884,2088,174,60,1,weekend,False,True
2,-0.10591752967073792,0.06136624305978738,-10.050117301846534,2088,174,60,1,weekend,False,True
3,0.07198909770949428,0.0614885671692293,7.464362792292563,2088,174,60,1,weekend,False,True
4,0.006142822760069555,0.003430761946390723,0.6161728587691728,2088,174,60,1,weekend,False,True
5,-0.102539421511197,0.0035411405809874295,-9.7457430540392,2088,174,60,1,weekend,False,True
6,-0.05929360349659008,0.0038430121263428488,-5.756997221847816,2088,174,60,1,weekend,False,True
7,-0.23857443985355542,0.0035232092662652002,-21.224995392355773,2088,174,60,1,weekend,False,True
8,-0.08900903669008531,0.002899087305815906,-8.516269356411845,2088,174,60,1,weekend,False,True
9,-0.19498400926016846,0.0042018376949112465,-17.715218410383873,2088,174,60,1,weekend,True,False
10,-0.06288323323176583,0.002528498437957569,-6.094688251463822,2088,174,60,1,weekend,False,True
11,-0.04657232992772497,0.0025690920991566814,-4.5504480518805925,2088,174,60,1,weekend,False,True
12,-0.043162874974453536,0.0021187463913966333,-4.224461702098513,2088,174,60,1,weekend,False,True
13,-0.014868737856938772,0.0021265409330819595,-1.475874400560218,2088,174,60,1,weekend,False,True
14,-0.002501558668742684,0.0021547265242161822,-0.2498432378265796,2088,174,60,1,weekend,False,True
15,-0.018827655997789277,0.0022010207272812193,-1.8651522806463376,2088,174,60,1,weekend,False,True
16,-0.010557496089857532,0.002206735533283149,-1.0501961335818486,2088,174,60,1,weekend,False,True
17,-0.013757332608497774,0.0022533343906455854,-1.3663132981565094,2088,174,60,1,weekend,False,True
18,-0.00866702320043671,0.0023738442326822133,-0.8629572827374098,2088,174,60,1,weekend,False,True
19,-0.023477098661339655,0.002373429460459232,-2.3203655643420764,2088,174,60,1,weekend,False,True
20,-0.017254753545654415,0.002950949578599872,-1.7106742804645396,2088,174,60,1,weekend,False,True
21,0.08414713730810969,0.0038327312749553894,8.77889363703106,2088,174,60,1,weekend,True,False
22,0.011048555820748627,0.0025714997642727624,1.1109816519816467,2088,174,60,1,weekend,False,True
23,-0.08059049997030215,0.003802962573320469,-7.7428592879346185,2088,174,60,1,weekend,False,True
0,-0.19069068556452595,0.008258434432576107,-17.361183758930927,5220,435,60,2,weekday,False,False
1,-0.02050271528165003,0.003682139352601059,-2.0293963706916505,5220,435,60,2,weekday,False,True
2,-0.008185055666114617,0.0038826936455493358,-0.8151649304430406,5220,435,60,2,weekday,False,True
3,-0.040218217700784945,0.004034419758368433,-3.9420199235791644,5220,435,60,2,weekday,False,True
4,-0.05852587190190935,0.0039467931172647835,-5.684616109959407,5220,435,60,2,weekday,False,True
5,-0.5546765747926067,0.005700901631580518,-42.57420393351019,5220,435,60,2,weekday,True,False
6,-0.10017535248526295,0.002706063972625207,-9.532123354367103,5220,435,60,2,weekday,False,True
7,-0.03447877946561919,0.002062581818589743,-3.3891159185159516,5220,435,60,2,weekday,False,True
8,-0.013605494148343581,0.0021095153287083138,-1.351335773995043,5220,435,60,2,weekday,False,True
9,-0.016745274302295783,0.002097963552669111,-1.6605851505641853,5220,435,60,2,weekday,False,True
10,-0.028173573338828275,0.002287918486140579,-2.778039924714961,5220,435,60,2,weekday,False,True
11,-0.03344574167156411,0.002425140032831251,-3.2892616562093724,5220,435,60,2,weekday,False,True
12,-0.017415105964058954,0.002671291859773659,-1.7264339479628514,5220,435,60,2,weekday,False,True
13,-0.00936086791161038,0.002385827675083851,-0.9317191377248601,5220,435,60,2,weekday,False,True
14,-0.011328245923414465,0.0022324147341388273,-1.1264322951639154,5220,435,60,2,weekday,False,True
15,-0.004724386897542326,0.0019750909234910194,-0.471324453561243,5220,435,60,2,weekday,False,True
16,-0.010448225326531566,0.0020456181338436106,-1.0393832222256305,5220,435,60,2,weekday,False,True
17,-0.003042921615672802,0.0021061627856140993,-0.30382966220469254,5220,435,60,2,weekday,False,True
18,-0.0070980191939850525,0.0020445930185787288,-0.7072887752053079,5220,435,60,2,weekday,False,True
19,-0.012190133193889808,0.0021680166894524756,-1.2116134510051773,5220,435,60,2,weekday,False,True
20,-0.005814787059769574,0.0023284445201590086,-0.5797913905934579,5220,435,60,2,weekday,False,True
21,0.11536030473448217,0.0029145866710781204,12.227772671225727,5220,435,60,2,weekday,True,False
22,-0.02921361834420934,0.0027821107989157903,-2.879102574742521,5220,435,60,2,weekday,False,True
23,-0.025895433814256075,0.003079713156670111,-2.5563022560375734,5220,435,60,2,weekday,False,True
0,0.14398268912400233,0.03238837373962756,15.48641166423583,2088,174,60,2,weekend,False,False
1,-0.007135056303661205,0.005332204846870565,-0.71096622213956,2088,174,60,2,weekend,False,True
2,-0.10040490016645981,0.061335969403359496,-9.552887662383355,2088,174,60,2,weekend,False,True
3,0.07749877581974732,0.061604699389837266,8.058090963193917,2088,174,60,2,weekend,False,True
4,-0.007131733282835216,0.005083931516186287,-0.7106362820643253,2088,174,60,2,weekend,False,True
5,-0.10099016570886876,0.005148101792546798,-9.605807752981606,2088,174,60,2,weekend,False,True
6,-0.08216356712516167,0.004740197781652954,-7.887871878615011,2088,174,60,2,weekend,False,True
7,-0.0662377880558643,0.005219726944919708,-6.409170998283488,2088,174,60,2,weekend,False,True
8,-0.07052929557770302,0.003857251902369353,-6.80995614358059,2088,174,60,2,weekend,False,True
9,-0.14266029748306677,0.004508664965642497,-13.295144254932536,2088,174,60,2,weekend,True,False
10,-0.05123814997496649,0.003945973366533064,-4.9947611363588145,2088,174,60,2,weekend,False,True
11,-0.030800306934677446,0.0034441244928237547,-3.033081004370041,2088,174,60,2,weekend,False,True
12,-0.02252170336441894,0.0030219655253294806,-2.226998306779915,2088,174,60,2,weekend,False,True
13,-0.013803598538640716,0.0031714245272380457,-1.3708765718523326,2088,174,60,2,weekend,False,True
14,0.003252075544432706,0.0032118314496256094,0.3257369279092211,2088,174,60,2,weekend,False,True
15,-0.0035284068249799333,0.002769837457939301,-0.3522189312406242,2088,174,60,2,weekend,False,True
16,-0.008547362401981208,0.0032305638590256454,-0.851093755263916,2088,174,60,2,weekend,False,True
17,-0.0067375228235164696,0.003019676371964849,-0.6714876604965476,2088,174,60,2,weekend,False,True
18,-0.0031858444612014353,0.0027439626896472225,-0.3180775043623523,2088,174,60,2,weekend,False,True
19,-0.016396639200337883,0.0031473107754609597,-1.6262946015444695,2088,174,60,2,weekend,False,True
20,-0.0063168961510710955,0.0041837090254996925,-0.6296986507022987,2088,174,60,2,weekend,False,True
21,0.08868472810128102,0.004579590256593803,9.273609303077345,2088,174,60,2,weekend,True,False
22,-0.013880596333290062,0.0035922913921004997,-1.378470504482714,2088,174,60,2,weekend,False,True
23,-0.016175294962497047,0.004387454372920025,-1.604517738696825,2088,174,60,2,weekend,False,True
0,-0.1156343512748114,0.007682951692651236,-10.919911603724149,7830,435,90,1,weekday,False,False
1,0.01699550941754501,0.0038431180724940164,1.714075476055766,7830,435,90,1,weekday,False,True
2,-0.039360672062704896,0.0024703519235050207,-3.8596104918877256,7830,435,90,1,weekday,False,True
3,-0.01904620597339783,0.0022714949391892955,-1.8865973057315386,7830,435,90,1,weekday,False,True
4,0.24636037869772034,0.00227473044386561,27.936054476168128,7830,435,90,1,weekday,False,True
5,-0.32662533301116536,0.0036392967442713505,-27.864604008118192,7830,435,90,1,weekday,True,False
6,0.11246906121879177,0.0021021621753586563,11.903763471665478,7830,435,90,1,weekday,False,True
7,-0.12951832302379593,0.0018075930202672574,-12.148150884644696,7830,435,90,1,weekday,False,True
8,-0.005722505745768236,0.001421749882292987,-0.5706163397683327,7830,435,90,1,weekday,False,True
9,-0.025310743587159498,0.0016336131459519687,-2.499311218846879,7830,435,90,1,weekday,False,True
10,-0.037324784985368384,0.0017801128320753163,-3.663680136914118,7830,435,90,1,weekday,False,True
11,-0.002113359076214632,0.0017783211672982749,-0.21111275052358675,7830,435,90,1,weekday,False,True
12,-0.00240125410555931,0.0017175222227521938,-0.2398373401148662,7830,435,90,1,weekday,False,True
13,-0.0065487048194149775,0.0016760187513420717,-0.6527308782928694,7830,435,90,1,weekday,False,True
14,0.01594258650209844,0.0014838256617864592,1.6070347578652937,7830,435,90,1,weekday,False,True
15,-0.006325956098422829,0.0013759970550158496,-0.6305989363225729,7830,435,90,1,weekday,False,True
16,-0.014241229422641246,0.0013689006406272962,-1.4140302789401638,7830,435,90,1,weekday,False,True
17,-0.011060259834796636,0.0014721980482520637,-1.0999320037908866,7830,435,90,1,weekday,False,True
18,0.021821618437906025,0.0016973115867486674,2.2061451290245784,7830,435,90,1,weekday,False,True
19,-0.024300305090707082,0.0023989661999945294,-2.400742979286285,7830,435,90,1,weekday,False,True
20,-0.0689737421456973,0.0021938506550080164,-6.664881244406025,7830,435,90,1,weekday,False,True
21,0.13224157524411856,0.0023605653028252903,14.138401608745033,7830,435,90,1,weekday,True,False
22,-0.006598112803050867,0.001989369159789269,-0.6576393052811663,7830,435,90,1,weekday,False,True
23,-0.05262119814374945,0.0034257060723350027,-5.1260671358025025,7830,435,90,1,weekday,False,True
0,0.2216598028260988,0.032544829977481454,24.814668965308062,3132,174,90,1,weekend,False,False
1,-0.06002018361800604,0.020279503010840885,-5.825447443952281,3132,174,90,1,weekend,False,True
2,-0.13984848831872101,0.07761538401296486,-13.051003669440886,3132,174,90,1,weekend,False,True
3,0.09586215278271641,0.08748477733933079,10.060733787785935,3132,174,90,1,weekend,False,True
4,0.0007525849466202463,0.026413738260383166,0.07528682097265792,3132,174,90,1,weekend,False,True
5,-0.042734052714160774,0.003386577906518116,-4.18338221201446,3132,174,90,1,weekend,False,True
6,0.12221121890570011,0.0036368717786915603,12.999275240828192,3132,174,90,1,weekend,False,True
7,-0.1839283075078442,0.003152033564057871,-16.80045504841898,3132,174,90,1,weekend,False,True
8,0.05268669500253852,0.0026173595496908827,5.4099338788082525,3132,174,90,1,weekend,False,True
9,-0.12647116647659018,0.003358017755271488,-11.88004427347202,3132,174,90,1,weekend,True,False
10,0.02785702143518788,0.0022831513805545035,2.8248656393586167,3132,174,90,1,weekend,False,True
11,-0.01473501695235237,0.0021935008563437213,-1.4626987844534578,3132,174,90,1,weekend,False,True
12,-0.02446168584652408,0.002235968450426003,-2.4164923502945856,3132,174,90,1,weekend,False,True
13,-0.0027902875150850586,0.002334148912810588,-0.27863982810779697,3132,174,90,1,weekend,False,True
14,0.005193864348162382,0.0022316027247820027,0.5207375843759492,3132,174,90,1,weekend,False,True
15,-0.011165842457066382,0.002254311370839935,-1.110373581078327,3132,174,90,1,weekend,False,True
16,-0.0002895016810849907,0.0021688763181176053,-0.02894597795169376,3132,174,90,1,weekend,False,True
17,-0.007575210518056907,0.0022868117952961316,-0.7546590922942877,3132,174,90,1,weekend,False,True
18,0.008618764625815857,0.0026392778558086884,0.865601311273054,3132,174,90,1,weekend,False,True
19,-0.01814919289573541,0.0029231020501310078,-1.7985488160013317,3132,174,90,1,weekend,False,True
20,-0.03971878574681127,0.0028477086433827898,-3.894033516919859,3132,174,90,1,weekend,False,True
21,0.08569391557913207,0.003330491058493214,8.947280661177226,3132,174,90,1,weekend,True,False
22,0.010849990957706248,0.0025640904299913275,1.0909065569280507,3132,174,90,1,weekend,False,True
23,-0.14107076816815065,0.011405040543816846,-13.15721475252754,3132,174,90,1,weekend,False,True
0,-0.15831094689651906,0.007818705260534938,-14.641567869709087,7830,435,90,2,weekday,False,False
1,0.029836750819538793,0.003410131294163385,3.0286326825557865,7830,435,90,2,weekday,False,True
2,-0.00472000076513022,0.003133628571095138,-0.47088790665411917,7830,435,90,2,weekday,False,True
3,-0.038102009913689935,0.0030005700419593866,-3.7385260363973027,7830,435,90,2,weekday,False,True
4,-0.06189035632570183,0.0030405833746257986,-6.001405534607519,7830,435,90,2,weekday,False,True
5,-0.6288186990323679,0.0053945193454032776,-46.67786760283835,7830,435,90,2,weekday,True,False
6,-0.19369469175185497,0.0024153723113752466,-17.609058778782895,7830,435,90,2,weekday,False,True
7,-0.06207990085156031,0.0023176067317731384,-6.019220765183772,7830,435,90,2,weekday,False,True
8,-0.03264489385739154,0.001794744456782643,-3.2117800514539447,7830,435,90,2,weekday,False,True
9,-0.034474361895767525,0.0018316265931186235,-3.388689132244412,7830,435,90,2,weekday,False,True
10,-0.03140420023310612,0.0019320677954332616,-3.0916209991864325,7830,435,90,2,weekday,False,True
11,-0.023524546103268863,0.002121705762705838,-2.3250001031752525,7830,435,90,2,weekday,False,True
12,-0.027902031491262923,0.0022414021403755883,-2.751636509398343,7830,435,90,2,weekday,False,True
13,-0.012493879083604133,0.0020909797069723983,-1.2416154606467191,7830,435,90,2,weekday,False,True
14,-0.01197991583262255,0.001881517300949782,-1.1908442341124972,7830,435,90,2,weekday,False,True
15,-0.014770464212298195,0.0017037997257834429,-1.4661915998782713,7830,435,90,2,weekday,False,True
16,-0.01879128649212249,0.0016845619126039683,-1.861583099841822,7830,435,90,2,weekday,False,True
17,-0.0033532291933469132,0.0018208918346823233,-0.3347613399104053,7830,435,90,2,weekday,False,True
18,-0.00881089664234198,0.0018490595986850628,-0.8772194442957144,7830,435,90,2,weekday,False,True
19,-0.025242525729720845,0.002022455082245957,-2.492659703885966,7830,435,90,2,weekday,False,True
20,-0.018633645699928196,0.0020753795834994077,-1.8461112625926872,7830,435,90,2,weekday,False,True
21,0.12005666974394465,0.0026784899667310837,12.75607483477427,7830,435,90,2,weekday,True,False
22,-0.007803300891220847,0.0024136969438389266,-0.7772934177027149,7830,435,90,2,weekday,False,True
23,-0.09129915704776188,0.002739918947121695,-8.725538393252261,7830,435,90,2,weekday,False,True
0,0.17761721919075435,0.03195667570529222,19.43680525538525,3132,174,90,2,weekend,False,False
1,0.029598916101388192,0.00619326273099162,3.0041318104347883,3132,174,90,2,weekend,False,True
2,-0.09264255915676232,0.06109160235915785,-8.848074371498155,3132,174,90,2,weekend,False,True
3,0.07049789734688644,0.05384757860824964,7.30423131925801,3132,174,90,2,weekend,False,True
4,0.008684593925009546,0.00859726663407041,0.8722414416752927,3132,174,90,2,weekend,False,True
5,-0.13337745207788607,0.004420463286111194,-12.486529165342079,3132,174,90,2,weekend,False,True
6,-0.14335333523982394,0.004523096489975753,-13.35521317623855,3132,174,90,2,weekend,False,True
7,-0.2200913515342944,0.004415773401192895,-19.75545100125665,3132,174,90,2,weekend,False,True
8,-0.1351923526107443,0.0036120979631945544,-12.645213368612627,3132,174,90,2,weekend,False,True
9,-0.2121820087228509,0.004847115255073844,-19.118252766639095,3132,174,90,2,weekend,True,False
10,-0.09067764749174438,0.0034055129060756154,-8.668792811009112,3132,174,90,2,weekend,False,True
11,-0.05087308218899067,0.003056874552682721,-4.96007145249299,3132,174,90,2,weekend,False,True
12,-0.04287883516331854,0.0023784927836673626,-4.197253772404343,3132,174,90,2,weekend,False,True
13,-0.01725837044539934,0.002743166405066586,-1.7110297824587555,3132,174,90,2,weekend,False,True
14,-0.0011448201027480804,0.002693315027322621,-0.11441650462120621,3132,174,90,2,weekend,False,True
15,-0.01985239560501101,0.0025404860933178714,-1.965663438275447,3132,174,90,2,weekend,False,True
16,-0.014044389521241086,0.0026863448689145976,-1.3946227163521416,3132,174,90,2,weekend,False,True
17,-0.013691902525531588,0.0026208431301384125,-1.359859476717613,3132,174,90,2,weekend,False,True
18,-0.01467516923573474,0.002622270741617123,-1.4568013755025744,3132,174,90,2,weekend,False,True
19,-0.022335968078380335,0.002618056308547574,-2.2088367237723756,3132,174,90,2,weekend,False,True
20,-0.011437729228169104,0.003570255937078363,-1.1372567075520896,3132,174,90,2,weekend,False,True
21,0.08640295339437229,0.004558303137707604,9.024555795292317,3132,174,90,2,weekend,True,False
22,0.0017970210008571802,0.003251255881241643,0.17986366107126125,3132,174,90,2,weekend,False,True
23,-0.0576870369805125,0.00388971127719283,-5.60546788081922,3132,174,90,2,weekend,False,True
